2026-04-20 19:18:53,462 // SCRIPT HAS BEEN STARTED
2026-04-20 19:18:55,083 // select pg_catalog.version()
2026-04-20 19:18:55,084 // [raw sql] {}
2026-04-20 19:18:55,190 // select current_schema()
2026-04-20 19:18:55,190 // [raw sql] {}
2026-04-20 19:18:55,295 // show standard_conforming_strings
2026-04-20 19:18:55,295 // [raw sql] {}
2026-04-20 19:18:55,398 // BEGIN (implicit)
2026-04-20 19:18:55,398 // COMMIT
2026-04-20 19:18:55,400 // BEGIN (implicit)
2026-04-20 19:18:55,401 // SELECT pg_catalog.pg_class.relname 
FROM pg_catalog.pg_class JOIN pg_catalog.pg_namespace ON pg_catalog.pg_namespace.oid = pg_catalog.pg_class.relnamespace 
WHERE pg_catalog.pg_class.relkind = ANY (ARRAY[%(param_1)s, %(param_2)s]) AND pg_catalog.pg_class.relpersistence != %(relpersistence_1)s AND pg_catalog.pg_table_is_visible(pg_catalog.pg_class.oid) AND pg_catalog.pg_namespace.nspname != %(nspname_1)s
2026-04-20 19:18:55,401 // [generated in 0.00100s] {'param_1': 'r', 'param_2': 'p', 'relpersistence_1': 't', 'nspname_1': 'pg_catalog'}
2026-04-20 19:18:55,508 // SELECT pg_catalog.pg_attribute.attname AS name, pg_catalog.format_type(pg_catalog.pg_attribute.atttypid, pg_catalog.pg_attribute.atttypmod) AS format_type, (SELECT pg_catalog.pg_get_expr(pg_catalog.pg_attrdef.adbin, pg_catalog.pg_attrdef.adrelid) AS pg_get_expr_1 
FROM pg_catalog.pg_attrdef 
WHERE pg_catalog.pg_attrdef.adrelid = pg_catalog.pg_attribute.attrelid AND pg_catalog.pg_attrdef.adnum = pg_catalog.pg_attribute.attnum AND pg_catalog.pg_attribute.atthasdef) AS "default", pg_catalog.pg_attribute.attnotnull AS not_null, pg_catalog.pg_class.relname AS table_name, pg_catalog.pg_description.description AS comment, pg_catalog.pg_attribute.attgenerated AS generated, (SELECT json_build_object(%(json_build_object_2)s, pg_catalog.pg_attribute.attidentity = %(attidentity_1)s, %(json_build_object_3)s, pg_catalog.pg_sequence.seqstart, %(json_build_object_4)s, pg_catalog.pg_sequence.seqincrement, %(json_build_object_5)s, pg_catalog.pg_sequence.seqmin, %(json_build_object_6)s, pg_catalog.pg_sequence.seqmax, %(json_build_object_7)s, pg_catalog.pg_sequence.seqcache, %(json_build_object_8)s, pg_catalog.pg_sequence.seqcycle) AS json_build_object_1 
FROM pg_catalog.pg_sequence 
WHERE pg_catalog.pg_attribute.attidentity != %(attidentity_2)s AND pg_catalog.pg_sequence.seqrelid = CAST(CAST(pg_catalog.pg_get_serial_sequence(CAST(CAST(pg_catalog.pg_attribute.attrelid AS REGCLASS) AS TEXT), pg_catalog.pg_attribute.attname) AS REGCLASS) AS OID)) AS identity_options, CASE WHEN (pg_catalog.pg_attribute.attcollation != %(attcollation_1)s AND (SELECT pg_catalog.pg_type.typcollation 
FROM pg_catalog.pg_type 
WHERE pg_catalog.pg_type.oid = pg_catalog.pg_attribute.atttypid) != pg_catalog.pg_attribute.attcollation) THEN (SELECT pg_catalog.pg_collation.collname 
FROM pg_catalog.pg_collation 
WHERE pg_catalog.pg_collation.oid = pg_catalog.pg_attribute.attcollation) ELSE NULL END AS collation 
FROM pg_catalog.pg_class LEFT OUTER JOIN pg_catalog.pg_attribute ON pg_catalog.pg_class.oid = pg_catalog.pg_attribute.attrelid AND pg_catalog.pg_attribute.attnum > %(attnum_1)s AND NOT pg_catalog.pg_attribute.attisdropped LEFT OUTER JOIN pg_catalog.pg_description ON pg_catalog.pg_description.objoid = pg_catalog.pg_attribute.attrelid AND pg_catalog.pg_description.objsubid = pg_catalog.pg_attribute.attnum JOIN pg_catalog.pg_namespace ON pg_catalog.pg_namespace.oid = pg_catalog.pg_class.relnamespace 
WHERE pg_catalog.pg_class.relkind = ANY (ARRAY[%(param_1)s, %(param_2)s, %(param_3)s]) AND pg_catalog.pg_table_is_visible(pg_catalog.pg_class.oid) AND pg_catalog.pg_namespace.nspname != %(nspname_1)s AND pg_catalog.pg_class.relname IN (%(filter_names_1)s, %(filter_names_2)s, %(filter_names_3)s, %(filter_names_4)s, %(filter_names_5)s, %(filter_names_6)s) ORDER BY pg_catalog.pg_class.relname, pg_catalog.pg_attribute.attnum
2026-04-20 19:18:55,509 // [generated in 0.00047s] {'json_build_object_2': 'always', 'attidentity_1': 'a', 'json_build_object_3': 'start', 'json_build_object_4': 'increment', 'json_build_object_5': 'minvalue', 'json_build_object_6': 'maxvalue', 'json_build_object_7': 'cache', 'json_build_object_8': 'cycle', 'attidentity_2': '', 'attcollation_1': 0, 'attnum_1': 0, 'param_1': 'r', 'param_2': 'p', 'param_3': 'f', 'nspname_1': 'pg_catalog', 'filter_names_1': 'test_table', 'filter_names_2': 'allBids', 'filter_names_3': 'portfolio', 'filter_names_4': 'moneyLimits', 'filter_names_5': 'depoLimit', 'filter_names_6': 'instruments'}
2026-04-20 19:18:55,640 // SELECT pg_catalog.pg_type.typname AS name, pg_catalog.format_type(pg_catalog.pg_type.typbasetype, pg_catalog.pg_type.typtypmod) AS attype, NOT pg_catalog.pg_type.typnotnull AS nullable, pg_catalog.pg_type.typdefault AS "default", pg_catalog.pg_type_is_visible(pg_catalog.pg_type.oid) AS visible, pg_catalog.pg_namespace.nspname AS schema, domain_constraints.condefs, domain_constraints.connames, pg_catalog.pg_collation.collname 
FROM pg_catalog.pg_type JOIN pg_catalog.pg_namespace ON pg_catalog.pg_namespace.oid = pg_catalog.pg_type.typnamespace LEFT OUTER JOIN pg_catalog.pg_collation ON pg_catalog.pg_type.typcollation = pg_catalog.pg_collation.oid LEFT OUTER JOIN (SELECT pg_catalog.pg_constraint.contypid AS contypid, array_agg(pg_catalog.pg_get_constraintdef(pg_catalog.pg_constraint.oid, %(pg_get_constraintdef_1)s)) AS condefs, array_agg(CAST(pg_catalog.pg_constraint.conname AS TEXT)) AS connames 
FROM pg_catalog.pg_constraint 
WHERE pg_catalog.pg_constraint.contypid != %(contypid_1)s GROUP BY pg_catalog.pg_constraint.contypid) AS domain_constraints ON pg_catalog.pg_type.oid = domain_constraints.contypid 
WHERE pg_catalog.pg_type.typtype = %(typtype_1)s ORDER BY pg_catalog.pg_namespace.nspname, pg_catalog.pg_type.typname
2026-04-20 19:18:55,640 // [generated in 0.00033s] {'pg_get_constraintdef_1': True, 'contypid_1': 0, 'typtype_1': 'd'}
2026-04-20 19:18:55,701 // SELECT pg_catalog.pg_type.typname AS name, pg_catalog.pg_type_is_visible(pg_catalog.pg_type.oid) AS visible, pg_catalog.pg_namespace.nspname AS schema, lbl_agg.labels AS labels 
FROM pg_catalog.pg_type JOIN pg_catalog.pg_namespace ON pg_catalog.pg_namespace.oid = pg_catalog.pg_type.typnamespace LEFT OUTER JOIN (SELECT pg_catalog.pg_enum.enumtypid AS enumtypid, array_agg(CAST(pg_catalog.pg_enum.enumlabel AS TEXT) ORDER BY pg_catalog.pg_enum.enumsortorder) AS labels 
FROM pg_catalog.pg_enum GROUP BY pg_catalog.pg_enum.enumtypid) AS lbl_agg ON pg_catalog.pg_type.oid = lbl_agg.enumtypid 
WHERE pg_catalog.pg_type.typtype = %(typtype_1)s ORDER BY pg_catalog.pg_namespace.nspname, pg_catalog.pg_type.typname
2026-04-20 19:18:55,701 // [generated in 0.00030s] {'typtype_1': 'e'}
2026-04-20 19:18:55,761 // SELECT pg_catalog.pg_class.oid, pg_catalog.pg_class.relname 
FROM pg_catalog.pg_class JOIN pg_catalog.pg_namespace ON pg_catalog.pg_namespace.oid = pg_catalog.pg_class.relnamespace 
WHERE pg_catalog.pg_class.relkind = ANY (ARRAY[%(param_1)s, %(param_2)s, %(param_3)s]) AND pg_catalog.pg_table_is_visible(pg_catalog.pg_class.oid) AND pg_catalog.pg_namespace.nspname != %(nspname_1)s AND pg_catalog.pg_class.relname IN (%(filter_names_1)s, %(filter_names_2)s, %(filter_names_3)s, %(filter_names_4)s, %(filter_names_5)s, %(filter_names_6)s)
2026-04-20 19:18:55,762 // [generated in 0.00032s] {'param_1': 'r', 'param_2': 'p', 'param_3': 'f', 'nspname_1': 'pg_catalog', 'filter_names_1': 'test_table', 'filter_names_2': 'allBids', 'filter_names_3': 'portfolio', 'filter_names_4': 'moneyLimits', 'filter_names_5': 'depoLimit', 'filter_names_6': 'instruments'}
2026-04-20 19:18:55,816 // SELECT attr.conrelid, array_agg(CAST(attr.attname AS TEXT) ORDER BY attr.ord) AS cols, attr.conname, min(attr.description) AS description, min(attr.indnkeyatts) AS indnkeyatts, bool_and(attr.indnullsnotdistinct) AS indnullsnotdistinct 
FROM (SELECT con.conrelid AS conrelid, con.conname AS conname, con.description AS description, con.ord AS ord, con.indnkeyatts AS indnkeyatts, con.indnullsnotdistinct AS indnullsnotdistinct, pg_catalog.pg_attribute.attname AS attname 
FROM pg_catalog.pg_attribute JOIN (SELECT pg_catalog.pg_constraint.conrelid AS conrelid, pg_catalog.pg_constraint.conname AS conname, unnest(pg_catalog.pg_index.indkey) AS attnum, generate_subscripts(pg_catalog.pg_index.indkey, %(generate_subscripts_1)s) AS ord, pg_catalog.pg_index.indnkeyatts AS indnkeyatts, pg_catalog.pg_index.indnullsnotdistinct AS indnullsnotdistinct, pg_catalog.pg_description.description AS description 
FROM pg_catalog.pg_constraint JOIN pg_catalog.pg_index ON pg_catalog.pg_constraint.conindid = pg_catalog.pg_index.indexrelid LEFT OUTER JOIN pg_catalog.pg_description ON pg_catalog.pg_description.objoid = pg_catalog.pg_constraint.oid 
WHERE pg_catalog.pg_constraint.contype = %(contype)s AND pg_catalog.pg_constraint.conrelid IN (%(oids_1)s, %(oids_2)s, %(oids_3)s, %(oids_4)s, %(oids_5)s, %(oids_6)s)) AS con ON pg_catalog.pg_attribute.attnum = con.attnum AND pg_catalog.pg_attribute.attrelid = con.conrelid 
WHERE con.conrelid IN (%(oids_1)s, %(oids_2)s, %(oids_3)s, %(oids_4)s, %(oids_5)s, %(oids_6)s)) AS attr GROUP BY attr.conrelid, attr.conname ORDER BY attr.conrelid, attr.conname
2026-04-20 19:18:55,816 // [generated in 0.00036s] {'generate_subscripts_1': 1, 'contype': 'p', 'oids_1': 16391, 'oids_2': 16802, 'oids_3': 16437, 'oids_4': 16529, 'oids_5': 16539, 'oids_6': 16668}
2026-04-20 19:18:55,881 // SELECT pg_catalog.pg_class.relname, pg_catalog.pg_constraint.conname, CASE WHEN (pg_catalog.pg_constraint.oid IS NOT NULL) THEN pg_catalog.pg_get_constraintdef(pg_catalog.pg_constraint.oid, %(pg_get_constraintdef_1)s) END AS anon_1, nsp_ref.nspname, pg_catalog.pg_description.description 
FROM pg_catalog.pg_class LEFT OUTER JOIN pg_catalog.pg_constraint ON pg_catalog.pg_class.oid = pg_catalog.pg_constraint.conrelid AND pg_catalog.pg_constraint.contype = %(contype_1)s LEFT OUTER JOIN pg_catalog.pg_class AS cls_ref ON cls_ref.oid = pg_catalog.pg_constraint.confrelid LEFT OUTER JOIN pg_catalog.pg_namespace AS nsp_ref ON cls_ref.relnamespace = nsp_ref.oid LEFT OUTER JOIN pg_catalog.pg_description ON pg_catalog.pg_description.objoid = pg_catalog.pg_constraint.oid JOIN pg_catalog.pg_namespace ON pg_catalog.pg_namespace.oid = pg_catalog.pg_class.relnamespace 
WHERE pg_catalog.pg_class.relkind = ANY (ARRAY[%(param_1)s, %(param_2)s, %(param_3)s]) AND pg_catalog.pg_table_is_visible(pg_catalog.pg_class.oid) AND pg_catalog.pg_namespace.nspname != %(nspname_1)s AND pg_catalog.pg_class.relname IN (%(filter_names_1)s, %(filter_names_2)s, %(filter_names_3)s, %(filter_names_4)s, %(filter_names_5)s, %(filter_names_6)s) ORDER BY pg_catalog.pg_class.relname, pg_catalog.pg_constraint.conname
2026-04-20 19:18:55,882 // [generated in 0.00035s] {'pg_get_constraintdef_1': True, 'contype_1': 'f', 'param_1': 'r', 'param_2': 'p', 'param_3': 'f', 'nspname_1': 'pg_catalog', 'filter_names_1': 'test_table', 'filter_names_2': 'allBids', 'filter_names_3': 'portfolio', 'filter_names_4': 'moneyLimits', 'filter_names_5': 'depoLimit', 'filter_names_6': 'instruments'}
2026-04-20 19:18:55,938 // SELECT pg_catalog.pg_index.indrelid, pg_catalog.pg_class.relname, pg_catalog.pg_index.indisunique, pg_catalog.pg_constraint.conrelid IS NOT NULL AS has_constraint, pg_catalog.pg_index.indoption, pg_catalog.pg_class.reloptions, pg_catalog.pg_am.amname, CASE WHEN (pg_catalog.pg_index.indpred IS NOT NULL) THEN pg_catalog.pg_get_expr(pg_catalog.pg_index.indpred, pg_catalog.pg_index.indrelid) END AS filter_definition, pg_catalog.pg_index.indnkeyatts, pg_catalog.pg_index.indnullsnotdistinct, idx_cols.elements, idx_cols.elements_is_expr, idx_cols.elements_opclass, idx_cols.elements_opdefault 
FROM pg_catalog.pg_index JOIN pg_catalog.pg_class ON pg_catalog.pg_index.indexrelid = pg_catalog.pg_class.oid JOIN pg_catalog.pg_am ON pg_catalog.pg_class.relam = pg_catalog.pg_am.oid LEFT OUTER JOIN (SELECT idx_attr.indexrelid AS indexrelid, min(idx_attr.indrelid) AS min_1, array_agg(idx_attr.element ORDER BY idx_attr.ord) AS elements, array_agg(idx_attr.is_expr ORDER BY idx_attr.ord) AS elements_is_expr, array_agg(idx_attr.opcname ORDER BY idx_attr.ord) AS elements_opclass, array_agg(idx_attr.opcdefault ORDER BY idx_attr.ord) AS elements_opdefault 
FROM (SELECT idx.indexrelid AS indexrelid, idx.indrelid AS indrelid, idx.ord AS ord, CASE WHEN (idx.attnum = %(attnum_1)s) THEN pg_catalog.pg_get_indexdef(idx.indexrelid, idx.ord + %(ord_1)s, %(pg_get_indexdef_1)s) ELSE CAST(pg_catalog.pg_attribute.attname AS TEXT) END AS element, idx.attnum = %(attnum_2)s AS is_expr, pg_catalog.pg_opclass.opcname AS opcname, pg_catalog.pg_opclass.opcdefault AS opcdefault 
FROM (SELECT pg_catalog.pg_index.indexrelid AS indexrelid, pg_catalog.pg_index.indrelid AS indrelid, unnest(pg_catalog.pg_index.indkey) AS attnum, unnest(pg_catalog.pg_index.indclass) AS att_opclass, generate_subscripts(pg_catalog.pg_index.indkey, %(generate_subscripts_1)s) AS ord 
FROM pg_catalog.pg_index 
WHERE NOT pg_catalog.pg_index.indisprimary AND pg_catalog.pg_index.indrelid IN (%(oids_1)s, %(oids_2)s, %(oids_3)s, %(oids_4)s, %(oids_5)s, %(oids_6)s)) AS idx LEFT OUTER JOIN pg_catalog.pg_attribute ON pg_catalog.pg_attribute.attnum = idx.attnum AND pg_catalog.pg_attribute.attrelid = idx.indrelid LEFT OUTER JOIN pg_catalog.pg_opclass ON pg_catalog.pg_opclass.oid = idx.att_opclass 
WHERE idx.indrelid IN (%(oids_1)s, %(oids_2)s, %(oids_3)s, %(oids_4)s, %(oids_5)s, %(oids_6)s)) AS idx_attr GROUP BY idx_attr.indexrelid) AS idx_cols ON pg_catalog.pg_index.indexrelid = idx_cols.indexrelid LEFT OUTER JOIN pg_catalog.pg_constraint ON pg_catalog.pg_index.indrelid = pg_catalog.pg_constraint.conrelid AND pg_catalog.pg_index.indexrelid = pg_catalog.pg_constraint.conindid AND pg_catalog.pg_constraint.contype = ANY (ARRAY[%(param_1)s, %(param_2)s, %(param_3)s]) 
WHERE pg_catalog.pg_index.indrelid IN (%(oids_1)s, %(oids_2)s, %(oids_3)s, %(oids_4)s, %(oids_5)s, %(oids_6)s) AND NOT pg_catalog.pg_index.indisprimary ORDER BY pg_catalog.pg_index.indrelid, pg_catalog.pg_class.relname
2026-04-20 19:18:55,938 // [generated in 0.00041s] {'attnum_1': 0, 'ord_1': 1, 'pg_get_indexdef_1': True, 'attnum_2': 0, 'generate_subscripts_1': 1, 'param_1': 'p', 'param_2': 'u', 'param_3': 'x', 'oids_1': 16391, 'oids_2': 16802, 'oids_3': 16437, 'oids_4': 16529, 'oids_5': 16539, 'oids_6': 16668}
2026-04-20 19:18:56,003 // SELECT attr.conrelid, array_agg(CAST(attr.attname AS TEXT) ORDER BY attr.ord) AS cols, attr.conname, min(attr.description) AS description, min(attr.indnkeyatts) AS indnkeyatts, bool_and(attr.indnullsnotdistinct) AS indnullsnotdistinct 
FROM (SELECT con.conrelid AS conrelid, con.conname AS conname, con.description AS description, con.ord AS ord, con.indnkeyatts AS indnkeyatts, con.indnullsnotdistinct AS indnullsnotdistinct, pg_catalog.pg_attribute.attname AS attname 
FROM pg_catalog.pg_attribute JOIN (SELECT pg_catalog.pg_constraint.conrelid AS conrelid, pg_catalog.pg_constraint.conname AS conname, unnest(pg_catalog.pg_index.indkey) AS attnum, generate_subscripts(pg_catalog.pg_index.indkey, %(generate_subscripts_1)s) AS ord, pg_catalog.pg_index.indnkeyatts AS indnkeyatts, pg_catalog.pg_index.indnullsnotdistinct AS indnullsnotdistinct, pg_catalog.pg_description.description AS description 
FROM pg_catalog.pg_constraint JOIN pg_catalog.pg_index ON pg_catalog.pg_constraint.conindid = pg_catalog.pg_index.indexrelid LEFT OUTER JOIN pg_catalog.pg_description ON pg_catalog.pg_description.objoid = pg_catalog.pg_constraint.oid 
WHERE pg_catalog.pg_constraint.contype = %(contype)s AND pg_catalog.pg_constraint.conrelid IN (%(oids_1)s, %(oids_2)s, %(oids_3)s, %(oids_4)s, %(oids_5)s, %(oids_6)s)) AS con ON pg_catalog.pg_attribute.attnum = con.attnum AND pg_catalog.pg_attribute.attrelid = con.conrelid 
WHERE con.conrelid IN (%(oids_1)s, %(oids_2)s, %(oids_3)s, %(oids_4)s, %(oids_5)s, %(oids_6)s)) AS attr GROUP BY attr.conrelid, attr.conname ORDER BY attr.conrelid, attr.conname
2026-04-20 19:18:56,004 // [cached since 0.1881s ago] {'generate_subscripts_1': 1, 'contype': 'u', 'oids_1': 16391, 'oids_2': 16802, 'oids_3': 16437, 'oids_4': 16529, 'oids_5': 16539, 'oids_6': 16668}
2026-04-20 19:18:56,067 // SELECT pg_catalog.pg_class.relname, pg_catalog.pg_description.description 
FROM pg_catalog.pg_class LEFT OUTER JOIN pg_catalog.pg_description ON pg_catalog.pg_class.oid = pg_catalog.pg_description.objoid AND pg_catalog.pg_description.objsubid = %(objsubid_1)s AND pg_catalog.pg_description.classoid = CAST(%(param_1)s AS REGCLASS) JOIN pg_catalog.pg_namespace ON pg_catalog.pg_namespace.oid = pg_catalog.pg_class.relnamespace 
WHERE pg_catalog.pg_class.relkind = ANY (ARRAY[%(param_2)s, %(param_3)s, %(param_4)s]) AND pg_catalog.pg_table_is_visible(pg_catalog.pg_class.oid) AND pg_catalog.pg_namespace.nspname != %(nspname_1)s AND pg_catalog.pg_class.relname IN (%(filter_names_1)s, %(filter_names_2)s, %(filter_names_3)s, %(filter_names_4)s, %(filter_names_5)s, %(filter_names_6)s)
2026-04-20 19:18:56,067 // [generated in 0.00038s] {'objsubid_1': 0, 'param_1': 'pg_catalog.pg_class', 'param_2': 'r', 'param_3': 'p', 'param_4': 'f', 'nspname_1': 'pg_catalog', 'filter_names_1': 'test_table', 'filter_names_2': 'allBids', 'filter_names_3': 'portfolio', 'filter_names_4': 'moneyLimits', 'filter_names_5': 'depoLimit', 'filter_names_6': 'instruments'}
2026-04-20 19:18:56,126 // SELECT pg_catalog.pg_class.relname, pg_catalog.pg_constraint.conname, CASE WHEN (pg_catalog.pg_constraint.oid IS NOT NULL) THEN pg_catalog.pg_get_constraintdef(pg_catalog.pg_constraint.oid, %(pg_get_constraintdef_1)s) END AS anon_1, pg_catalog.pg_description.description 
FROM pg_catalog.pg_class LEFT OUTER JOIN pg_catalog.pg_constraint ON pg_catalog.pg_class.oid = pg_catalog.pg_constraint.conrelid AND pg_catalog.pg_constraint.contype = %(contype_1)s LEFT OUTER JOIN pg_catalog.pg_description ON pg_catalog.pg_description.objoid = pg_catalog.pg_constraint.oid JOIN pg_catalog.pg_namespace ON pg_catalog.pg_namespace.oid = pg_catalog.pg_class.relnamespace 
WHERE pg_catalog.pg_class.relkind = ANY (ARRAY[%(param_1)s, %(param_2)s, %(param_3)s]) AND pg_catalog.pg_table_is_visible(pg_catalog.pg_class.oid) AND pg_catalog.pg_namespace.nspname != %(nspname_1)s AND pg_catalog.pg_class.relname IN (%(filter_names_1)s, %(filter_names_2)s, %(filter_names_3)s, %(filter_names_4)s, %(filter_names_5)s, %(filter_names_6)s) ORDER BY pg_catalog.pg_class.relname, pg_catalog.pg_constraint.conname
2026-04-20 19:18:56,126 // [generated in 0.00034s] {'pg_get_constraintdef_1': True, 'contype_1': 'c', 'param_1': 'r', 'param_2': 'p', 'param_3': 'f', 'nspname_1': 'pg_catalog', 'filter_names_1': 'test_table', 'filter_names_2': 'allBids', 'filter_names_3': 'portfolio', 'filter_names_4': 'moneyLimits', 'filter_names_5': 'depoLimit', 'filter_names_6': 'instruments'}
2026-04-20 19:18:56,184 // SELECT pg_catalog.pg_class.relname 
FROM pg_catalog.pg_class JOIN pg_catalog.pg_namespace ON pg_catalog.pg_namespace.oid = pg_catalog.pg_class.relnamespace 
WHERE pg_catalog.pg_class.relkind = ANY (ARRAY[%(param_1)s, %(param_2)s]) AND pg_catalog.pg_class.relpersistence = %(relpersistence_1)s AND pg_catalog.pg_table_is_visible(pg_catalog.pg_class.oid) AND pg_catalog.pg_namespace.nspname != %(nspname_1)s
2026-04-20 19:18:56,184 // [generated in 0.00028s] {'param_1': 'r', 'param_2': 'p', 'relpersistence_1': 't', 'nspname_1': 'pg_catalog'}
2026-04-20 19:18:56,247 // ROLLBACK
2026-04-20 19:19:17,415 // SCRIPT HAS BEEN STARTED
2026-04-20 19:19:21,688 // select pg_catalog.version()
2026-04-20 19:19:21,688 // [raw sql] {}
2026-04-20 19:19:21,841 // select current_schema()
2026-04-20 19:19:21,841 // [raw sql] {}
2026-04-20 19:19:21,992 // show standard_conforming_strings
2026-04-20 19:19:21,992 // [raw sql] {}
2026-04-20 19:19:22,143 // BEGIN (implicit)
2026-04-20 19:19:22,143 // COMMIT
2026-04-20 19:19:22,146 // BEGIN (implicit)
2026-04-20 19:19:22,146 // SELECT pg_catalog.pg_class.relname 
FROM pg_catalog.pg_class JOIN pg_catalog.pg_namespace ON pg_catalog.pg_namespace.oid = pg_catalog.pg_class.relnamespace 
WHERE pg_catalog.pg_class.relkind = ANY (ARRAY[%(param_1)s, %(param_2)s]) AND pg_catalog.pg_class.relpersistence != %(relpersistence_1)s AND pg_catalog.pg_table_is_visible(pg_catalog.pg_class.oid) AND pg_catalog.pg_namespace.nspname != %(nspname_1)s
2026-04-20 19:19:22,146 // [generated in 0.00036s] {'param_1': 'r', 'param_2': 'p', 'relpersistence_1': 't', 'nspname_1': 'pg_catalog'}
2026-04-20 19:19:22,302 // SELECT pg_catalog.pg_attribute.attname AS name, pg_catalog.format_type(pg_catalog.pg_attribute.atttypid, pg_catalog.pg_attribute.atttypmod) AS format_type, (SELECT pg_catalog.pg_get_expr(pg_catalog.pg_attrdef.adbin, pg_catalog.pg_attrdef.adrelid) AS pg_get_expr_1 
FROM pg_catalog.pg_attrdef 
WHERE pg_catalog.pg_attrdef.adrelid = pg_catalog.pg_attribute.attrelid AND pg_catalog.pg_attrdef.adnum = pg_catalog.pg_attribute.attnum AND pg_catalog.pg_attribute.atthasdef) AS "default", pg_catalog.pg_attribute.attnotnull AS not_null, pg_catalog.pg_class.relname AS table_name, pg_catalog.pg_description.description AS comment, pg_catalog.pg_attribute.attgenerated AS generated, (SELECT json_build_object(%(json_build_object_2)s, pg_catalog.pg_attribute.attidentity = %(attidentity_1)s, %(json_build_object_3)s, pg_catalog.pg_sequence.seqstart, %(json_build_object_4)s, pg_catalog.pg_sequence.seqincrement, %(json_build_object_5)s, pg_catalog.pg_sequence.seqmin, %(json_build_object_6)s, pg_catalog.pg_sequence.seqmax, %(json_build_object_7)s, pg_catalog.pg_sequence.seqcache, %(json_build_object_8)s, pg_catalog.pg_sequence.seqcycle) AS json_build_object_1 
FROM pg_catalog.pg_sequence 
WHERE pg_catalog.pg_attribute.attidentity != %(attidentity_2)s AND pg_catalog.pg_sequence.seqrelid = CAST(CAST(pg_catalog.pg_get_serial_sequence(CAST(CAST(pg_catalog.pg_attribute.attrelid AS REGCLASS) AS TEXT), pg_catalog.pg_attribute.attname) AS REGCLASS) AS OID)) AS identity_options, CASE WHEN (pg_catalog.pg_attribute.attcollation != %(attcollation_1)s AND (SELECT pg_catalog.pg_type.typcollation 
FROM pg_catalog.pg_type 
WHERE pg_catalog.pg_type.oid = pg_catalog.pg_attribute.atttypid) != pg_catalog.pg_attribute.attcollation) THEN (SELECT pg_catalog.pg_collation.collname 
FROM pg_catalog.pg_collation 
WHERE pg_catalog.pg_collation.oid = pg_catalog.pg_attribute.attcollation) ELSE NULL END AS collation 
FROM pg_catalog.pg_class LEFT OUTER JOIN pg_catalog.pg_attribute ON pg_catalog.pg_class.oid = pg_catalog.pg_attribute.attrelid AND pg_catalog.pg_attribute.attnum > %(attnum_1)s AND NOT pg_catalog.pg_attribute.attisdropped LEFT OUTER JOIN pg_catalog.pg_description ON pg_catalog.pg_description.objoid = pg_catalog.pg_attribute.attrelid AND pg_catalog.pg_description.objsubid = pg_catalog.pg_attribute.attnum JOIN pg_catalog.pg_namespace ON pg_catalog.pg_namespace.oid = pg_catalog.pg_class.relnamespace 
WHERE pg_catalog.pg_class.relkind = ANY (ARRAY[%(param_1)s, %(param_2)s, %(param_3)s]) AND pg_catalog.pg_table_is_visible(pg_catalog.pg_class.oid) AND pg_catalog.pg_namespace.nspname != %(nspname_1)s AND pg_catalog.pg_class.relname IN (%(filter_names_1)s, %(filter_names_2)s, %(filter_names_3)s, %(filter_names_4)s, %(filter_names_5)s, %(filter_names_6)s) ORDER BY pg_catalog.pg_class.relname, pg_catalog.pg_attribute.attnum
2026-04-20 19:19:22,303 // [generated in 0.00059s] {'json_build_object_2': 'always', 'attidentity_1': 'a', 'json_build_object_3': 'start', 'json_build_object_4': 'increment', 'json_build_object_5': 'minvalue', 'json_build_object_6': 'maxvalue', 'json_build_object_7': 'cache', 'json_build_object_8': 'cycle', 'attidentity_2': '', 'attcollation_1': 0, 'attnum_1': 0, 'param_1': 'r', 'param_2': 'p', 'param_3': 'f', 'nspname_1': 'pg_catalog', 'filter_names_1': 'test_table', 'filter_names_2': 'allBids', 'filter_names_3': 'portfolio', 'filter_names_4': 'moneyLimits', 'filter_names_5': 'depoLimit', 'filter_names_6': 'instruments'}
2026-04-20 19:19:22,465 // SELECT pg_catalog.pg_type.typname AS name, pg_catalog.format_type(pg_catalog.pg_type.typbasetype, pg_catalog.pg_type.typtypmod) AS attype, NOT pg_catalog.pg_type.typnotnull AS nullable, pg_catalog.pg_type.typdefault AS "default", pg_catalog.pg_type_is_visible(pg_catalog.pg_type.oid) AS visible, pg_catalog.pg_namespace.nspname AS schema, domain_constraints.condefs, domain_constraints.connames, pg_catalog.pg_collation.collname 
FROM pg_catalog.pg_type JOIN pg_catalog.pg_namespace ON pg_catalog.pg_namespace.oid = pg_catalog.pg_type.typnamespace LEFT OUTER JOIN pg_catalog.pg_collation ON pg_catalog.pg_type.typcollation = pg_catalog.pg_collation.oid LEFT OUTER JOIN (SELECT pg_catalog.pg_constraint.contypid AS contypid, array_agg(pg_catalog.pg_get_constraintdef(pg_catalog.pg_constraint.oid, %(pg_get_constraintdef_1)s)) AS condefs, array_agg(CAST(pg_catalog.pg_constraint.conname AS TEXT)) AS connames 
FROM pg_catalog.pg_constraint 
WHERE pg_catalog.pg_constraint.contypid != %(contypid_1)s GROUP BY pg_catalog.pg_constraint.contypid) AS domain_constraints ON pg_catalog.pg_type.oid = domain_constraints.contypid 
WHERE pg_catalog.pg_type.typtype = %(typtype_1)s ORDER BY pg_catalog.pg_namespace.nspname, pg_catalog.pg_type.typname
2026-04-20 19:19:22,466 // [generated in 0.00058s] {'pg_get_constraintdef_1': True, 'contypid_1': 0, 'typtype_1': 'd'}
2026-04-20 19:19:22,548 // SELECT pg_catalog.pg_type.typname AS name, pg_catalog.pg_type_is_visible(pg_catalog.pg_type.oid) AS visible, pg_catalog.pg_namespace.nspname AS schema, lbl_agg.labels AS labels 
FROM pg_catalog.pg_type JOIN pg_catalog.pg_namespace ON pg_catalog.pg_namespace.oid = pg_catalog.pg_type.typnamespace LEFT OUTER JOIN (SELECT pg_catalog.pg_enum.enumtypid AS enumtypid, array_agg(CAST(pg_catalog.pg_enum.enumlabel AS TEXT) ORDER BY pg_catalog.pg_enum.enumsortorder) AS labels 
FROM pg_catalog.pg_enum GROUP BY pg_catalog.pg_enum.enumtypid) AS lbl_agg ON pg_catalog.pg_type.oid = lbl_agg.enumtypid 
WHERE pg_catalog.pg_type.typtype = %(typtype_1)s ORDER BY pg_catalog.pg_namespace.nspname, pg_catalog.pg_type.typname
2026-04-20 19:19:22,549 // [generated in 0.00035s] {'typtype_1': 'e'}
2026-04-20 19:19:22,633 // SELECT pg_catalog.pg_class.oid, pg_catalog.pg_class.relname 
FROM pg_catalog.pg_class JOIN pg_catalog.pg_namespace ON pg_catalog.pg_namespace.oid = pg_catalog.pg_class.relnamespace 
WHERE pg_catalog.pg_class.relkind = ANY (ARRAY[%(param_1)s, %(param_2)s, %(param_3)s]) AND pg_catalog.pg_table_is_visible(pg_catalog.pg_class.oid) AND pg_catalog.pg_namespace.nspname != %(nspname_1)s AND pg_catalog.pg_class.relname IN (%(filter_names_1)s, %(filter_names_2)s, %(filter_names_3)s, %(filter_names_4)s, %(filter_names_5)s, %(filter_names_6)s)
2026-04-20 19:19:22,633 // [generated in 0.00059s] {'param_1': 'r', 'param_2': 'p', 'param_3': 'f', 'nspname_1': 'pg_catalog', 'filter_names_1': 'test_table', 'filter_names_2': 'allBids', 'filter_names_3': 'portfolio', 'filter_names_4': 'moneyLimits', 'filter_names_5': 'depoLimit', 'filter_names_6': 'instruments'}
2026-04-20 19:19:22,711 // SELECT attr.conrelid, array_agg(CAST(attr.attname AS TEXT) ORDER BY attr.ord) AS cols, attr.conname, min(attr.description) AS description, min(attr.indnkeyatts) AS indnkeyatts, bool_and(attr.indnullsnotdistinct) AS indnullsnotdistinct 
FROM (SELECT con.conrelid AS conrelid, con.conname AS conname, con.description AS description, con.ord AS ord, con.indnkeyatts AS indnkeyatts, con.indnullsnotdistinct AS indnullsnotdistinct, pg_catalog.pg_attribute.attname AS attname 
FROM pg_catalog.pg_attribute JOIN (SELECT pg_catalog.pg_constraint.conrelid AS conrelid, pg_catalog.pg_constraint.conname AS conname, unnest(pg_catalog.pg_index.indkey) AS attnum, generate_subscripts(pg_catalog.pg_index.indkey, %(generate_subscripts_1)s) AS ord, pg_catalog.pg_index.indnkeyatts AS indnkeyatts, pg_catalog.pg_index.indnullsnotdistinct AS indnullsnotdistinct, pg_catalog.pg_description.description AS description 
FROM pg_catalog.pg_constraint JOIN pg_catalog.pg_index ON pg_catalog.pg_constraint.conindid = pg_catalog.pg_index.indexrelid LEFT OUTER JOIN pg_catalog.pg_description ON pg_catalog.pg_description.objoid = pg_catalog.pg_constraint.oid 
WHERE pg_catalog.pg_constraint.contype = %(contype)s AND pg_catalog.pg_constraint.conrelid IN (%(oids_1)s, %(oids_2)s, %(oids_3)s, %(oids_4)s, %(oids_5)s, %(oids_6)s)) AS con ON pg_catalog.pg_attribute.attnum = con.attnum AND pg_catalog.pg_attribute.attrelid = con.conrelid 
WHERE con.conrelid IN (%(oids_1)s, %(oids_2)s, %(oids_3)s, %(oids_4)s, %(oids_5)s, %(oids_6)s)) AS attr GROUP BY attr.conrelid, attr.conname ORDER BY attr.conrelid, attr.conname
2026-04-20 19:19:22,711 // [generated in 0.00053s] {'generate_subscripts_1': 1, 'contype': 'p', 'oids_1': 16391, 'oids_2': 16802, 'oids_3': 16437, 'oids_4': 16529, 'oids_5': 16539, 'oids_6': 16668}
2026-04-20 19:19:22,794 // SELECT pg_catalog.pg_class.relname, pg_catalog.pg_constraint.conname, CASE WHEN (pg_catalog.pg_constraint.oid IS NOT NULL) THEN pg_catalog.pg_get_constraintdef(pg_catalog.pg_constraint.oid, %(pg_get_constraintdef_1)s) END AS anon_1, nsp_ref.nspname, pg_catalog.pg_description.description 
FROM pg_catalog.pg_class LEFT OUTER JOIN pg_catalog.pg_constraint ON pg_catalog.pg_class.oid = pg_catalog.pg_constraint.conrelid AND pg_catalog.pg_constraint.contype = %(contype_1)s LEFT OUTER JOIN pg_catalog.pg_class AS cls_ref ON cls_ref.oid = pg_catalog.pg_constraint.confrelid LEFT OUTER JOIN pg_catalog.pg_namespace AS nsp_ref ON cls_ref.relnamespace = nsp_ref.oid LEFT OUTER JOIN pg_catalog.pg_description ON pg_catalog.pg_description.objoid = pg_catalog.pg_constraint.oid JOIN pg_catalog.pg_namespace ON pg_catalog.pg_namespace.oid = pg_catalog.pg_class.relnamespace 
WHERE pg_catalog.pg_class.relkind = ANY (ARRAY[%(param_1)s, %(param_2)s, %(param_3)s]) AND pg_catalog.pg_table_is_visible(pg_catalog.pg_class.oid) AND pg_catalog.pg_namespace.nspname != %(nspname_1)s AND pg_catalog.pg_class.relname IN (%(filter_names_1)s, %(filter_names_2)s, %(filter_names_3)s, %(filter_names_4)s, %(filter_names_5)s, %(filter_names_6)s) ORDER BY pg_catalog.pg_class.relname, pg_catalog.pg_constraint.conname
2026-04-20 19:19:22,794 // [generated in 0.00035s] {'pg_get_constraintdef_1': True, 'contype_1': 'f', 'param_1': 'r', 'param_2': 'p', 'param_3': 'f', 'nspname_1': 'pg_catalog', 'filter_names_1': 'test_table', 'filter_names_2': 'allBids', 'filter_names_3': 'portfolio', 'filter_names_4': 'moneyLimits', 'filter_names_5': 'depoLimit', 'filter_names_6': 'instruments'}
2026-04-20 19:19:22,877 // SELECT pg_catalog.pg_index.indrelid, pg_catalog.pg_class.relname, pg_catalog.pg_index.indisunique, pg_catalog.pg_constraint.conrelid IS NOT NULL AS has_constraint, pg_catalog.pg_index.indoption, pg_catalog.pg_class.reloptions, pg_catalog.pg_am.amname, CASE WHEN (pg_catalog.pg_index.indpred IS NOT NULL) THEN pg_catalog.pg_get_expr(pg_catalog.pg_index.indpred, pg_catalog.pg_index.indrelid) END AS filter_definition, pg_catalog.pg_index.indnkeyatts, pg_catalog.pg_index.indnullsnotdistinct, idx_cols.elements, idx_cols.elements_is_expr, idx_cols.elements_opclass, idx_cols.elements_opdefault 
FROM pg_catalog.pg_index JOIN pg_catalog.pg_class ON pg_catalog.pg_index.indexrelid = pg_catalog.pg_class.oid JOIN pg_catalog.pg_am ON pg_catalog.pg_class.relam = pg_catalog.pg_am.oid LEFT OUTER JOIN (SELECT idx_attr.indexrelid AS indexrelid, min(idx_attr.indrelid) AS min_1, array_agg(idx_attr.element ORDER BY idx_attr.ord) AS elements, array_agg(idx_attr.is_expr ORDER BY idx_attr.ord) AS elements_is_expr, array_agg(idx_attr.opcname ORDER BY idx_attr.ord) AS elements_opclass, array_agg(idx_attr.opcdefault ORDER BY idx_attr.ord) AS elements_opdefault 
FROM (SELECT idx.indexrelid AS indexrelid, idx.indrelid AS indrelid, idx.ord AS ord, CASE WHEN (idx.attnum = %(attnum_1)s) THEN pg_catalog.pg_get_indexdef(idx.indexrelid, idx.ord + %(ord_1)s, %(pg_get_indexdef_1)s) ELSE CAST(pg_catalog.pg_attribute.attname AS TEXT) END AS element, idx.attnum = %(attnum_2)s AS is_expr, pg_catalog.pg_opclass.opcname AS opcname, pg_catalog.pg_opclass.opcdefault AS opcdefault 
FROM (SELECT pg_catalog.pg_index.indexrelid AS indexrelid, pg_catalog.pg_index.indrelid AS indrelid, unnest(pg_catalog.pg_index.indkey) AS attnum, unnest(pg_catalog.pg_index.indclass) AS att_opclass, generate_subscripts(pg_catalog.pg_index.indkey, %(generate_subscripts_1)s) AS ord 
FROM pg_catalog.pg_index 
WHERE NOT pg_catalog.pg_index.indisprimary AND pg_catalog.pg_index.indrelid IN (%(oids_1)s, %(oids_2)s, %(oids_3)s, %(oids_4)s, %(oids_5)s, %(oids_6)s)) AS idx LEFT OUTER JOIN pg_catalog.pg_attribute ON pg_catalog.pg_attribute.attnum = idx.attnum AND pg_catalog.pg_attribute.attrelid = idx.indrelid LEFT OUTER JOIN pg_catalog.pg_opclass ON pg_catalog.pg_opclass.oid = idx.att_opclass 
WHERE idx.indrelid IN (%(oids_1)s, %(oids_2)s, %(oids_3)s, %(oids_4)s, %(oids_5)s, %(oids_6)s)) AS idx_attr GROUP BY idx_attr.indexrelid) AS idx_cols ON pg_catalog.pg_index.indexrelid = idx_cols.indexrelid LEFT OUTER JOIN pg_catalog.pg_constraint ON pg_catalog.pg_index.indrelid = pg_catalog.pg_constraint.conrelid AND pg_catalog.pg_index.indexrelid = pg_catalog.pg_constraint.conindid AND pg_catalog.pg_constraint.contype = ANY (ARRAY[%(param_1)s, %(param_2)s, %(param_3)s]) 
WHERE pg_catalog.pg_index.indrelid IN (%(oids_1)s, %(oids_2)s, %(oids_3)s, %(oids_4)s, %(oids_5)s, %(oids_6)s) AND NOT pg_catalog.pg_index.indisprimary ORDER BY pg_catalog.pg_index.indrelid, pg_catalog.pg_class.relname
2026-04-20 19:19:22,877 // [generated in 0.00053s] {'attnum_1': 0, 'ord_1': 1, 'pg_get_indexdef_1': True, 'attnum_2': 0, 'generate_subscripts_1': 1, 'param_1': 'p', 'param_2': 'u', 'param_3': 'x', 'oids_1': 16391, 'oids_2': 16802, 'oids_3': 16437, 'oids_4': 16529, 'oids_5': 16539, 'oids_6': 16668}
2026-04-20 19:19:22,958 // SELECT attr.conrelid, array_agg(CAST(attr.attname AS TEXT) ORDER BY attr.ord) AS cols, attr.conname, min(attr.description) AS description, min(attr.indnkeyatts) AS indnkeyatts, bool_and(attr.indnullsnotdistinct) AS indnullsnotdistinct 
FROM (SELECT con.conrelid AS conrelid, con.conname AS conname, con.description AS description, con.ord AS ord, con.indnkeyatts AS indnkeyatts, con.indnullsnotdistinct AS indnullsnotdistinct, pg_catalog.pg_attribute.attname AS attname 
FROM pg_catalog.pg_attribute JOIN (SELECT pg_catalog.pg_constraint.conrelid AS conrelid, pg_catalog.pg_constraint.conname AS conname, unnest(pg_catalog.pg_index.indkey) AS attnum, generate_subscripts(pg_catalog.pg_index.indkey, %(generate_subscripts_1)s) AS ord, pg_catalog.pg_index.indnkeyatts AS indnkeyatts, pg_catalog.pg_index.indnullsnotdistinct AS indnullsnotdistinct, pg_catalog.pg_description.description AS description 
FROM pg_catalog.pg_constraint JOIN pg_catalog.pg_index ON pg_catalog.pg_constraint.conindid = pg_catalog.pg_index.indexrelid LEFT OUTER JOIN pg_catalog.pg_description ON pg_catalog.pg_description.objoid = pg_catalog.pg_constraint.oid 
WHERE pg_catalog.pg_constraint.contype = %(contype)s AND pg_catalog.pg_constraint.conrelid IN (%(oids_1)s, %(oids_2)s, %(oids_3)s, %(oids_4)s, %(oids_5)s, %(oids_6)s)) AS con ON pg_catalog.pg_attribute.attnum = con.attnum AND pg_catalog.pg_attribute.attrelid = con.conrelid 
WHERE con.conrelid IN (%(oids_1)s, %(oids_2)s, %(oids_3)s, %(oids_4)s, %(oids_5)s, %(oids_6)s)) AS attr GROUP BY attr.conrelid, attr.conname ORDER BY attr.conrelid, attr.conname
2026-04-20 19:19:22,959 // [cached since 0.2477s ago] {'generate_subscripts_1': 1, 'contype': 'u', 'oids_1': 16391, 'oids_2': 16802, 'oids_3': 16437, 'oids_4': 16529, 'oids_5': 16539, 'oids_6': 16668}
2026-04-20 19:19:23,037 // SELECT pg_catalog.pg_class.relname, pg_catalog.pg_description.description 
FROM pg_catalog.pg_class LEFT OUTER JOIN pg_catalog.pg_description ON pg_catalog.pg_class.oid = pg_catalog.pg_description.objoid AND pg_catalog.pg_description.objsubid = %(objsubid_1)s AND pg_catalog.pg_description.classoid = CAST(%(param_1)s AS REGCLASS) JOIN pg_catalog.pg_namespace ON pg_catalog.pg_namespace.oid = pg_catalog.pg_class.relnamespace 
WHERE pg_catalog.pg_class.relkind = ANY (ARRAY[%(param_2)s, %(param_3)s, %(param_4)s]) AND pg_catalog.pg_table_is_visible(pg_catalog.pg_class.oid) AND pg_catalog.pg_namespace.nspname != %(nspname_1)s AND pg_catalog.pg_class.relname IN (%(filter_names_1)s, %(filter_names_2)s, %(filter_names_3)s, %(filter_names_4)s, %(filter_names_5)s, %(filter_names_6)s)
2026-04-20 19:19:23,038 // [generated in 0.00047s] {'objsubid_1': 0, 'param_1': 'pg_catalog.pg_class', 'param_2': 'r', 'param_3': 'p', 'param_4': 'f', 'nspname_1': 'pg_catalog', 'filter_names_1': 'test_table', 'filter_names_2': 'allBids', 'filter_names_3': 'portfolio', 'filter_names_4': 'moneyLimits', 'filter_names_5': 'depoLimit', 'filter_names_6': 'instruments'}
2026-04-20 19:19:23,116 // SELECT pg_catalog.pg_class.relname, pg_catalog.pg_constraint.conname, CASE WHEN (pg_catalog.pg_constraint.oid IS NOT NULL) THEN pg_catalog.pg_get_constraintdef(pg_catalog.pg_constraint.oid, %(pg_get_constraintdef_1)s) END AS anon_1, pg_catalog.pg_description.description 
FROM pg_catalog.pg_class LEFT OUTER JOIN pg_catalog.pg_constraint ON pg_catalog.pg_class.oid = pg_catalog.pg_constraint.conrelid AND pg_catalog.pg_constraint.contype = %(contype_1)s LEFT OUTER JOIN pg_catalog.pg_description ON pg_catalog.pg_description.objoid = pg_catalog.pg_constraint.oid JOIN pg_catalog.pg_namespace ON pg_catalog.pg_namespace.oid = pg_catalog.pg_class.relnamespace 
WHERE pg_catalog.pg_class.relkind = ANY (ARRAY[%(param_1)s, %(param_2)s, %(param_3)s]) AND pg_catalog.pg_table_is_visible(pg_catalog.pg_class.oid) AND pg_catalog.pg_namespace.nspname != %(nspname_1)s AND pg_catalog.pg_class.relname IN (%(filter_names_1)s, %(filter_names_2)s, %(filter_names_3)s, %(filter_names_4)s, %(filter_names_5)s, %(filter_names_6)s) ORDER BY pg_catalog.pg_class.relname, pg_catalog.pg_constraint.conname
2026-04-20 19:19:23,116 // [generated in 0.00040s] {'pg_get_constraintdef_1': True, 'contype_1': 'c', 'param_1': 'r', 'param_2': 'p', 'param_3': 'f', 'nspname_1': 'pg_catalog', 'filter_names_1': 'test_table', 'filter_names_2': 'allBids', 'filter_names_3': 'portfolio', 'filter_names_4': 'moneyLimits', 'filter_names_5': 'depoLimit', 'filter_names_6': 'instruments'}
2026-04-20 19:19:23,498 // SELECT pg_catalog.pg_class.relname 
FROM pg_catalog.pg_class JOIN pg_catalog.pg_namespace ON pg_catalog.pg_namespace.oid = pg_catalog.pg_class.relnamespace 
WHERE pg_catalog.pg_class.relkind = ANY (ARRAY[%(param_1)s, %(param_2)s]) AND pg_catalog.pg_class.relpersistence = %(relpersistence_1)s AND pg_catalog.pg_table_is_visible(pg_catalog.pg_class.oid) AND pg_catalog.pg_namespace.nspname != %(nspname_1)s
2026-04-20 19:19:23,498 // [generated in 0.00029s] {'param_1': 'r', 'param_2': 'p', 'relpersistence_1': 't', 'nspname_1': 'pg_catalog'}
2026-04-20 19:19:23,588 // ROLLBACK
2026-04-20 19:19:23,661 // SCRIPT HAS BEEN FINISHED
2026-04-20 20:31:16,735 // SCRIPT HAS BEEN STARTED
2026-04-20 20:31:19,079 // select pg_catalog.version()
2026-04-20 20:31:19,079 // [raw sql] {}
2026-04-20 20:31:19,202 // select current_schema()
2026-04-20 20:31:19,202 // [raw sql] {}
2026-04-20 20:31:19,326 // show standard_conforming_strings
2026-04-20 20:31:19,326 // [raw sql] {}
2026-04-20 20:31:19,448 // BEGIN (implicit)
2026-04-20 20:31:19,448 // COMMIT
2026-04-20 20:31:19,451 // BEGIN (implicit)
2026-04-20 20:31:19,451 // SELECT pg_catalog.pg_class.relname 
FROM pg_catalog.pg_class JOIN pg_catalog.pg_namespace ON pg_catalog.pg_namespace.oid = pg_catalog.pg_class.relnamespace 
WHERE pg_catalog.pg_class.relkind = ANY (ARRAY[%(param_1)s, %(param_2)s]) AND pg_catalog.pg_class.relpersistence != %(relpersistence_1)s AND pg_catalog.pg_table_is_visible(pg_catalog.pg_class.oid) AND pg_catalog.pg_namespace.nspname != %(nspname_1)s
2026-04-20 20:31:19,451 // [generated in 0.00047s] {'param_1': 'r', 'param_2': 'p', 'relpersistence_1': 't', 'nspname_1': 'pg_catalog'}
2026-04-20 20:31:19,589 // SELECT pg_catalog.pg_attribute.attname AS name, pg_catalog.format_type(pg_catalog.pg_attribute.atttypid, pg_catalog.pg_attribute.atttypmod) AS format_type, (SELECT pg_catalog.pg_get_expr(pg_catalog.pg_attrdef.adbin, pg_catalog.pg_attrdef.adrelid) AS pg_get_expr_1 
FROM pg_catalog.pg_attrdef 
WHERE pg_catalog.pg_attrdef.adrelid = pg_catalog.pg_attribute.attrelid AND pg_catalog.pg_attrdef.adnum = pg_catalog.pg_attribute.attnum AND pg_catalog.pg_attribute.atthasdef) AS "default", pg_catalog.pg_attribute.attnotnull AS not_null, pg_catalog.pg_class.relname AS table_name, pg_catalog.pg_description.description AS comment, pg_catalog.pg_attribute.attgenerated AS generated, (SELECT json_build_object(%(json_build_object_2)s, pg_catalog.pg_attribute.attidentity = %(attidentity_1)s, %(json_build_object_3)s, pg_catalog.pg_sequence.seqstart, %(json_build_object_4)s, pg_catalog.pg_sequence.seqincrement, %(json_build_object_5)s, pg_catalog.pg_sequence.seqmin, %(json_build_object_6)s, pg_catalog.pg_sequence.seqmax, %(json_build_object_7)s, pg_catalog.pg_sequence.seqcache, %(json_build_object_8)s, pg_catalog.pg_sequence.seqcycle) AS json_build_object_1 
FROM pg_catalog.pg_sequence 
WHERE pg_catalog.pg_attribute.attidentity != %(attidentity_2)s AND pg_catalog.pg_sequence.seqrelid = CAST(CAST(pg_catalog.pg_get_serial_sequence(CAST(CAST(pg_catalog.pg_attribute.attrelid AS REGCLASS) AS TEXT), pg_catalog.pg_attribute.attname) AS REGCLASS) AS OID)) AS identity_options, CASE WHEN (pg_catalog.pg_attribute.attcollation != %(attcollation_1)s AND (SELECT pg_catalog.pg_type.typcollation 
FROM pg_catalog.pg_type 
WHERE pg_catalog.pg_type.oid = pg_catalog.pg_attribute.atttypid) != pg_catalog.pg_attribute.attcollation) THEN (SELECT pg_catalog.pg_collation.collname 
FROM pg_catalog.pg_collation 
WHERE pg_catalog.pg_collation.oid = pg_catalog.pg_attribute.attcollation) ELSE NULL END AS collation 
FROM pg_catalog.pg_class LEFT OUTER JOIN pg_catalog.pg_attribute ON pg_catalog.pg_class.oid = pg_catalog.pg_attribute.attrelid AND pg_catalog.pg_attribute.attnum > %(attnum_1)s AND NOT pg_catalog.pg_attribute.attisdropped LEFT OUTER JOIN pg_catalog.pg_description ON pg_catalog.pg_description.objoid = pg_catalog.pg_attribute.attrelid AND pg_catalog.pg_description.objsubid = pg_catalog.pg_attribute.attnum JOIN pg_catalog.pg_namespace ON pg_catalog.pg_namespace.oid = pg_catalog.pg_class.relnamespace 
WHERE pg_catalog.pg_class.relkind = ANY (ARRAY[%(param_1)s, %(param_2)s, %(param_3)s]) AND pg_catalog.pg_table_is_visible(pg_catalog.pg_class.oid) AND pg_catalog.pg_namespace.nspname != %(nspname_1)s AND pg_catalog.pg_class.relname IN (%(filter_names_1)s, %(filter_names_2)s, %(filter_names_3)s, %(filter_names_4)s, %(filter_names_5)s, %(filter_names_6)s) ORDER BY pg_catalog.pg_class.relname, pg_catalog.pg_attribute.attnum
2026-04-20 20:31:19,590 // [generated in 0.00061s] {'json_build_object_2': 'always', 'attidentity_1': 'a', 'json_build_object_3': 'start', 'json_build_object_4': 'increment', 'json_build_object_5': 'minvalue', 'json_build_object_6': 'maxvalue', 'json_build_object_7': 'cache', 'json_build_object_8': 'cycle', 'attidentity_2': '', 'attcollation_1': 0, 'attnum_1': 0, 'param_1': 'r', 'param_2': 'p', 'param_3': 'f', 'nspname_1': 'pg_catalog', 'filter_names_1': 'test_table', 'filter_names_2': 'allBids', 'filter_names_3': 'portfolio', 'filter_names_4': 'moneyLimits', 'filter_names_5': 'depoLimit', 'filter_names_6': 'instruments'}
2026-04-20 20:31:19,783 // SELECT pg_catalog.pg_type.typname AS name, pg_catalog.format_type(pg_catalog.pg_type.typbasetype, pg_catalog.pg_type.typtypmod) AS attype, NOT pg_catalog.pg_type.typnotnull AS nullable, pg_catalog.pg_type.typdefault AS "default", pg_catalog.pg_type_is_visible(pg_catalog.pg_type.oid) AS visible, pg_catalog.pg_namespace.nspname AS schema, domain_constraints.condefs, domain_constraints.connames, pg_catalog.pg_collation.collname 
FROM pg_catalog.pg_type JOIN pg_catalog.pg_namespace ON pg_catalog.pg_namespace.oid = pg_catalog.pg_type.typnamespace LEFT OUTER JOIN pg_catalog.pg_collation ON pg_catalog.pg_type.typcollation = pg_catalog.pg_collation.oid LEFT OUTER JOIN (SELECT pg_catalog.pg_constraint.contypid AS contypid, array_agg(pg_catalog.pg_get_constraintdef(pg_catalog.pg_constraint.oid, %(pg_get_constraintdef_1)s)) AS condefs, array_agg(CAST(pg_catalog.pg_constraint.conname AS TEXT)) AS connames 
FROM pg_catalog.pg_constraint 
WHERE pg_catalog.pg_constraint.contypid != %(contypid_1)s GROUP BY pg_catalog.pg_constraint.contypid) AS domain_constraints ON pg_catalog.pg_type.oid = domain_constraints.contypid 
WHERE pg_catalog.pg_type.typtype = %(typtype_1)s ORDER BY pg_catalog.pg_namespace.nspname, pg_catalog.pg_type.typname
2026-04-20 20:31:19,783 // [generated in 0.00033s] {'pg_get_constraintdef_1': True, 'contypid_1': 0, 'typtype_1': 'd'}
2026-04-20 20:31:19,851 // SELECT pg_catalog.pg_type.typname AS name, pg_catalog.pg_type_is_visible(pg_catalog.pg_type.oid) AS visible, pg_catalog.pg_namespace.nspname AS schema, lbl_agg.labels AS labels 
FROM pg_catalog.pg_type JOIN pg_catalog.pg_namespace ON pg_catalog.pg_namespace.oid = pg_catalog.pg_type.typnamespace LEFT OUTER JOIN (SELECT pg_catalog.pg_enum.enumtypid AS enumtypid, array_agg(CAST(pg_catalog.pg_enum.enumlabel AS TEXT) ORDER BY pg_catalog.pg_enum.enumsortorder) AS labels 
FROM pg_catalog.pg_enum GROUP BY pg_catalog.pg_enum.enumtypid) AS lbl_agg ON pg_catalog.pg_type.oid = lbl_agg.enumtypid 
WHERE pg_catalog.pg_type.typtype = %(typtype_1)s ORDER BY pg_catalog.pg_namespace.nspname, pg_catalog.pg_type.typname
2026-04-20 20:31:19,851 // [generated in 0.00040s] {'typtype_1': 'e'}
2026-04-20 20:31:19,917 // SELECT pg_catalog.pg_class.oid, pg_catalog.pg_class.relname 
FROM pg_catalog.pg_class JOIN pg_catalog.pg_namespace ON pg_catalog.pg_namespace.oid = pg_catalog.pg_class.relnamespace 
WHERE pg_catalog.pg_class.relkind = ANY (ARRAY[%(param_1)s, %(param_2)s, %(param_3)s]) AND pg_catalog.pg_table_is_visible(pg_catalog.pg_class.oid) AND pg_catalog.pg_namespace.nspname != %(nspname_1)s AND pg_catalog.pg_class.relname IN (%(filter_names_1)s, %(filter_names_2)s, %(filter_names_3)s, %(filter_names_4)s, %(filter_names_5)s, %(filter_names_6)s)
2026-04-20 20:31:19,917 // [generated in 0.00035s] {'param_1': 'r', 'param_2': 'p', 'param_3': 'f', 'nspname_1': 'pg_catalog', 'filter_names_1': 'test_table', 'filter_names_2': 'allBids', 'filter_names_3': 'portfolio', 'filter_names_4': 'moneyLimits', 'filter_names_5': 'depoLimit', 'filter_names_6': 'instruments'}
2026-04-20 20:31:20,257 // SELECT attr.conrelid, array_agg(CAST(attr.attname AS TEXT) ORDER BY attr.ord) AS cols, attr.conname, min(attr.description) AS description, min(attr.indnkeyatts) AS indnkeyatts, bool_and(attr.indnullsnotdistinct) AS indnullsnotdistinct 
FROM (SELECT con.conrelid AS conrelid, con.conname AS conname, con.description AS description, con.ord AS ord, con.indnkeyatts AS indnkeyatts, con.indnullsnotdistinct AS indnullsnotdistinct, pg_catalog.pg_attribute.attname AS attname 
FROM pg_catalog.pg_attribute JOIN (SELECT pg_catalog.pg_constraint.conrelid AS conrelid, pg_catalog.pg_constraint.conname AS conname, unnest(pg_catalog.pg_index.indkey) AS attnum, generate_subscripts(pg_catalog.pg_index.indkey, %(generate_subscripts_1)s) AS ord, pg_catalog.pg_index.indnkeyatts AS indnkeyatts, pg_catalog.pg_index.indnullsnotdistinct AS indnullsnotdistinct, pg_catalog.pg_description.description AS description 
FROM pg_catalog.pg_constraint JOIN pg_catalog.pg_index ON pg_catalog.pg_constraint.conindid = pg_catalog.pg_index.indexrelid LEFT OUTER JOIN pg_catalog.pg_description ON pg_catalog.pg_description.objoid = pg_catalog.pg_constraint.oid 
WHERE pg_catalog.pg_constraint.contype = %(contype)s AND pg_catalog.pg_constraint.conrelid IN (%(oids_1)s, %(oids_2)s, %(oids_3)s, %(oids_4)s, %(oids_5)s, %(oids_6)s)) AS con ON pg_catalog.pg_attribute.attnum = con.attnum AND pg_catalog.pg_attribute.attrelid = con.conrelid 
WHERE con.conrelid IN (%(oids_1)s, %(oids_2)s, %(oids_3)s, %(oids_4)s, %(oids_5)s, %(oids_6)s)) AS attr GROUP BY attr.conrelid, attr.conname ORDER BY attr.conrelid, attr.conname
2026-04-20 20:31:20,258 // [generated in 0.00066s] {'generate_subscripts_1': 1, 'contype': 'p', 'oids_1': 16391, 'oids_2': 16802, 'oids_3': 16437, 'oids_4': 16529, 'oids_5': 16539, 'oids_6': 16668}
2026-04-20 20:31:20,328 // SELECT pg_catalog.pg_class.relname, pg_catalog.pg_constraint.conname, CASE WHEN (pg_catalog.pg_constraint.oid IS NOT NULL) THEN pg_catalog.pg_get_constraintdef(pg_catalog.pg_constraint.oid, %(pg_get_constraintdef_1)s) END AS anon_1, nsp_ref.nspname, pg_catalog.pg_description.description 
FROM pg_catalog.pg_class LEFT OUTER JOIN pg_catalog.pg_constraint ON pg_catalog.pg_class.oid = pg_catalog.pg_constraint.conrelid AND pg_catalog.pg_constraint.contype = %(contype_1)s LEFT OUTER JOIN pg_catalog.pg_class AS cls_ref ON cls_ref.oid = pg_catalog.pg_constraint.confrelid LEFT OUTER JOIN pg_catalog.pg_namespace AS nsp_ref ON cls_ref.relnamespace = nsp_ref.oid LEFT OUTER JOIN pg_catalog.pg_description ON pg_catalog.pg_description.objoid = pg_catalog.pg_constraint.oid JOIN pg_catalog.pg_namespace ON pg_catalog.pg_namespace.oid = pg_catalog.pg_class.relnamespace 
WHERE pg_catalog.pg_class.relkind = ANY (ARRAY[%(param_1)s, %(param_2)s, %(param_3)s]) AND pg_catalog.pg_table_is_visible(pg_catalog.pg_class.oid) AND pg_catalog.pg_namespace.nspname != %(nspname_1)s AND pg_catalog.pg_class.relname IN (%(filter_names_1)s, %(filter_names_2)s, %(filter_names_3)s, %(filter_names_4)s, %(filter_names_5)s, %(filter_names_6)s) ORDER BY pg_catalog.pg_class.relname, pg_catalog.pg_constraint.conname
2026-04-20 20:31:20,328 // [generated in 0.00040s] {'pg_get_constraintdef_1': True, 'contype_1': 'f', 'param_1': 'r', 'param_2': 'p', 'param_3': 'f', 'nspname_1': 'pg_catalog', 'filter_names_1': 'test_table', 'filter_names_2': 'allBids', 'filter_names_3': 'portfolio', 'filter_names_4': 'moneyLimits', 'filter_names_5': 'depoLimit', 'filter_names_6': 'instruments'}
2026-04-20 20:31:20,395 // SELECT pg_catalog.pg_index.indrelid, pg_catalog.pg_class.relname, pg_catalog.pg_index.indisunique, pg_catalog.pg_constraint.conrelid IS NOT NULL AS has_constraint, pg_catalog.pg_index.indoption, pg_catalog.pg_class.reloptions, pg_catalog.pg_am.amname, CASE WHEN (pg_catalog.pg_index.indpred IS NOT NULL) THEN pg_catalog.pg_get_expr(pg_catalog.pg_index.indpred, pg_catalog.pg_index.indrelid) END AS filter_definition, pg_catalog.pg_index.indnkeyatts, pg_catalog.pg_index.indnullsnotdistinct, idx_cols.elements, idx_cols.elements_is_expr, idx_cols.elements_opclass, idx_cols.elements_opdefault 
FROM pg_catalog.pg_index JOIN pg_catalog.pg_class ON pg_catalog.pg_index.indexrelid = pg_catalog.pg_class.oid JOIN pg_catalog.pg_am ON pg_catalog.pg_class.relam = pg_catalog.pg_am.oid LEFT OUTER JOIN (SELECT idx_attr.indexrelid AS indexrelid, min(idx_attr.indrelid) AS min_1, array_agg(idx_attr.element ORDER BY idx_attr.ord) AS elements, array_agg(idx_attr.is_expr ORDER BY idx_attr.ord) AS elements_is_expr, array_agg(idx_attr.opcname ORDER BY idx_attr.ord) AS elements_opclass, array_agg(idx_attr.opcdefault ORDER BY idx_attr.ord) AS elements_opdefault 
FROM (SELECT idx.indexrelid AS indexrelid, idx.indrelid AS indrelid, idx.ord AS ord, CASE WHEN (idx.attnum = %(attnum_1)s) THEN pg_catalog.pg_get_indexdef(idx.indexrelid, idx.ord + %(ord_1)s, %(pg_get_indexdef_1)s) ELSE CAST(pg_catalog.pg_attribute.attname AS TEXT) END AS element, idx.attnum = %(attnum_2)s AS is_expr, pg_catalog.pg_opclass.opcname AS opcname, pg_catalog.pg_opclass.opcdefault AS opcdefault 
FROM (SELECT pg_catalog.pg_index.indexrelid AS indexrelid, pg_catalog.pg_index.indrelid AS indrelid, unnest(pg_catalog.pg_index.indkey) AS attnum, unnest(pg_catalog.pg_index.indclass) AS att_opclass, generate_subscripts(pg_catalog.pg_index.indkey, %(generate_subscripts_1)s) AS ord 
FROM pg_catalog.pg_index 
WHERE NOT pg_catalog.pg_index.indisprimary AND pg_catalog.pg_index.indrelid IN (%(oids_1)s, %(oids_2)s, %(oids_3)s, %(oids_4)s, %(oids_5)s, %(oids_6)s)) AS idx LEFT OUTER JOIN pg_catalog.pg_attribute ON pg_catalog.pg_attribute.attnum = idx.attnum AND pg_catalog.pg_attribute.attrelid = idx.indrelid LEFT OUTER JOIN pg_catalog.pg_opclass ON pg_catalog.pg_opclass.oid = idx.att_opclass 
WHERE idx.indrelid IN (%(oids_1)s, %(oids_2)s, %(oids_3)s, %(oids_4)s, %(oids_5)s, %(oids_6)s)) AS idx_attr GROUP BY idx_attr.indexrelid) AS idx_cols ON pg_catalog.pg_index.indexrelid = idx_cols.indexrelid LEFT OUTER JOIN pg_catalog.pg_constraint ON pg_catalog.pg_index.indrelid = pg_catalog.pg_constraint.conrelid AND pg_catalog.pg_index.indexrelid = pg_catalog.pg_constraint.conindid AND pg_catalog.pg_constraint.contype = ANY (ARRAY[%(param_1)s, %(param_2)s, %(param_3)s]) 
WHERE pg_catalog.pg_index.indrelid IN (%(oids_1)s, %(oids_2)s, %(oids_3)s, %(oids_4)s, %(oids_5)s, %(oids_6)s) AND NOT pg_catalog.pg_index.indisprimary ORDER BY pg_catalog.pg_index.indrelid, pg_catalog.pg_class.relname
2026-04-20 20:31:20,396 // [generated in 0.00049s] {'attnum_1': 0, 'ord_1': 1, 'pg_get_indexdef_1': True, 'attnum_2': 0, 'generate_subscripts_1': 1, 'param_1': 'p', 'param_2': 'u', 'param_3': 'x', 'oids_1': 16391, 'oids_2': 16802, 'oids_3': 16437, 'oids_4': 16529, 'oids_5': 16539, 'oids_6': 16668}
2026-04-20 20:31:20,459 // SELECT attr.conrelid, array_agg(CAST(attr.attname AS TEXT) ORDER BY attr.ord) AS cols, attr.conname, min(attr.description) AS description, min(attr.indnkeyatts) AS indnkeyatts, bool_and(attr.indnullsnotdistinct) AS indnullsnotdistinct 
FROM (SELECT con.conrelid AS conrelid, con.conname AS conname, con.description AS description, con.ord AS ord, con.indnkeyatts AS indnkeyatts, con.indnullsnotdistinct AS indnullsnotdistinct, pg_catalog.pg_attribute.attname AS attname 
FROM pg_catalog.pg_attribute JOIN (SELECT pg_catalog.pg_constraint.conrelid AS conrelid, pg_catalog.pg_constraint.conname AS conname, unnest(pg_catalog.pg_index.indkey) AS attnum, generate_subscripts(pg_catalog.pg_index.indkey, %(generate_subscripts_1)s) AS ord, pg_catalog.pg_index.indnkeyatts AS indnkeyatts, pg_catalog.pg_index.indnullsnotdistinct AS indnullsnotdistinct, pg_catalog.pg_description.description AS description 
FROM pg_catalog.pg_constraint JOIN pg_catalog.pg_index ON pg_catalog.pg_constraint.conindid = pg_catalog.pg_index.indexrelid LEFT OUTER JOIN pg_catalog.pg_description ON pg_catalog.pg_description.objoid = pg_catalog.pg_constraint.oid 
WHERE pg_catalog.pg_constraint.contype = %(contype)s AND pg_catalog.pg_constraint.conrelid IN (%(oids_1)s, %(oids_2)s, %(oids_3)s, %(oids_4)s, %(oids_5)s, %(oids_6)s)) AS con ON pg_catalog.pg_attribute.attnum = con.attnum AND pg_catalog.pg_attribute.attrelid = con.conrelid 
WHERE con.conrelid IN (%(oids_1)s, %(oids_2)s, %(oids_3)s, %(oids_4)s, %(oids_5)s, %(oids_6)s)) AS attr GROUP BY attr.conrelid, attr.conname ORDER BY attr.conrelid, attr.conname
2026-04-20 20:31:20,460 // [cached since 0.2027s ago] {'generate_subscripts_1': 1, 'contype': 'u', 'oids_1': 16391, 'oids_2': 16802, 'oids_3': 16437, 'oids_4': 16529, 'oids_5': 16539, 'oids_6': 16668}
2026-04-20 20:31:20,524 // SELECT pg_catalog.pg_class.relname, pg_catalog.pg_description.description 
FROM pg_catalog.pg_class LEFT OUTER JOIN pg_catalog.pg_description ON pg_catalog.pg_class.oid = pg_catalog.pg_description.objoid AND pg_catalog.pg_description.objsubid = %(objsubid_1)s AND pg_catalog.pg_description.classoid = CAST(%(param_1)s AS REGCLASS) JOIN pg_catalog.pg_namespace ON pg_catalog.pg_namespace.oid = pg_catalog.pg_class.relnamespace 
WHERE pg_catalog.pg_class.relkind = ANY (ARRAY[%(param_2)s, %(param_3)s, %(param_4)s]) AND pg_catalog.pg_table_is_visible(pg_catalog.pg_class.oid) AND pg_catalog.pg_namespace.nspname != %(nspname_1)s AND pg_catalog.pg_class.relname IN (%(filter_names_1)s, %(filter_names_2)s, %(filter_names_3)s, %(filter_names_4)s, %(filter_names_5)s, %(filter_names_6)s)
2026-04-20 20:31:20,524 // [generated in 0.00035s] {'objsubid_1': 0, 'param_1': 'pg_catalog.pg_class', 'param_2': 'r', 'param_3': 'p', 'param_4': 'f', 'nspname_1': 'pg_catalog', 'filter_names_1': 'test_table', 'filter_names_2': 'allBids', 'filter_names_3': 'portfolio', 'filter_names_4': 'moneyLimits', 'filter_names_5': 'depoLimit', 'filter_names_6': 'instruments'}
2026-04-20 20:31:20,588 // SELECT pg_catalog.pg_class.relname, pg_catalog.pg_constraint.conname, CASE WHEN (pg_catalog.pg_constraint.oid IS NOT NULL) THEN pg_catalog.pg_get_constraintdef(pg_catalog.pg_constraint.oid, %(pg_get_constraintdef_1)s) END AS anon_1, pg_catalog.pg_description.description 
FROM pg_catalog.pg_class LEFT OUTER JOIN pg_catalog.pg_constraint ON pg_catalog.pg_class.oid = pg_catalog.pg_constraint.conrelid AND pg_catalog.pg_constraint.contype = %(contype_1)s LEFT OUTER JOIN pg_catalog.pg_description ON pg_catalog.pg_description.objoid = pg_catalog.pg_constraint.oid JOIN pg_catalog.pg_namespace ON pg_catalog.pg_namespace.oid = pg_catalog.pg_class.relnamespace 
WHERE pg_catalog.pg_class.relkind = ANY (ARRAY[%(param_1)s, %(param_2)s, %(param_3)s]) AND pg_catalog.pg_table_is_visible(pg_catalog.pg_class.oid) AND pg_catalog.pg_namespace.nspname != %(nspname_1)s AND pg_catalog.pg_class.relname IN (%(filter_names_1)s, %(filter_names_2)s, %(filter_names_3)s, %(filter_names_4)s, %(filter_names_5)s, %(filter_names_6)s) ORDER BY pg_catalog.pg_class.relname, pg_catalog.pg_constraint.conname
2026-04-20 20:31:20,588 // [generated in 0.00032s] {'pg_get_constraintdef_1': True, 'contype_1': 'c', 'param_1': 'r', 'param_2': 'p', 'param_3': 'f', 'nspname_1': 'pg_catalog', 'filter_names_1': 'test_table', 'filter_names_2': 'allBids', 'filter_names_3': 'portfolio', 'filter_names_4': 'moneyLimits', 'filter_names_5': 'depoLimit', 'filter_names_6': 'instruments'}
2026-04-20 20:31:20,651 // SELECT pg_catalog.pg_class.relname 
FROM pg_catalog.pg_class JOIN pg_catalog.pg_namespace ON pg_catalog.pg_namespace.oid = pg_catalog.pg_class.relnamespace 
WHERE pg_catalog.pg_class.relkind = ANY (ARRAY[%(param_1)s, %(param_2)s]) AND pg_catalog.pg_class.relpersistence = %(relpersistence_1)s AND pg_catalog.pg_table_is_visible(pg_catalog.pg_class.oid) AND pg_catalog.pg_namespace.nspname != %(nspname_1)s
2026-04-20 20:31:20,651 // [generated in 0.00032s] {'param_1': 'r', 'param_2': 'p', 'relpersistence_1': 't', 'nspname_1': 'pg_catalog'}
2026-04-20 20:31:20,718 // ROLLBACK
2026-04-20 20:31:20,780 // SCRIPT HAS BEEN FINISHED
2026-04-20 20:39:51,496 // SCRIPT HAS BEEN STARTED
2026-04-20 20:39:53,444 // select pg_catalog.version()
2026-04-20 20:39:53,444 // [raw sql] {}
2026-04-20 20:39:53,570 // select current_schema()
2026-04-20 20:39:53,571 // [raw sql] {}
2026-04-20 20:39:53,689 // show standard_conforming_strings
2026-04-20 20:39:53,689 // [raw sql] {}
2026-04-20 20:39:53,807 // BEGIN (implicit)
2026-04-20 20:39:53,807 // COMMIT
2026-04-20 20:39:53,810 // BEGIN (implicit)
2026-04-20 20:39:53,810 // SELECT pg_catalog.pg_class.relname 
FROM pg_catalog.pg_class JOIN pg_catalog.pg_namespace ON pg_catalog.pg_namespace.oid = pg_catalog.pg_class.relnamespace 
WHERE pg_catalog.pg_class.relkind = ANY (ARRAY[%(param_1)s, %(param_2)s]) AND pg_catalog.pg_class.relpersistence != %(relpersistence_1)s AND pg_catalog.pg_table_is_visible(pg_catalog.pg_class.oid) AND pg_catalog.pg_namespace.nspname != %(nspname_1)s
2026-04-20 20:39:53,810 // [generated in 0.00045s] {'param_1': 'r', 'param_2': 'p', 'relpersistence_1': 't', 'nspname_1': 'pg_catalog'}
2026-04-20 20:39:53,950 // SELECT pg_catalog.pg_attribute.attname AS name, pg_catalog.format_type(pg_catalog.pg_attribute.atttypid, pg_catalog.pg_attribute.atttypmod) AS format_type, (SELECT pg_catalog.pg_get_expr(pg_catalog.pg_attrdef.adbin, pg_catalog.pg_attrdef.adrelid) AS pg_get_expr_1 
FROM pg_catalog.pg_attrdef 
WHERE pg_catalog.pg_attrdef.adrelid = pg_catalog.pg_attribute.attrelid AND pg_catalog.pg_attrdef.adnum = pg_catalog.pg_attribute.attnum AND pg_catalog.pg_attribute.atthasdef) AS "default", pg_catalog.pg_attribute.attnotnull AS not_null, pg_catalog.pg_class.relname AS table_name, pg_catalog.pg_description.description AS comment, pg_catalog.pg_attribute.attgenerated AS generated, (SELECT json_build_object(%(json_build_object_2)s, pg_catalog.pg_attribute.attidentity = %(attidentity_1)s, %(json_build_object_3)s, pg_catalog.pg_sequence.seqstart, %(json_build_object_4)s, pg_catalog.pg_sequence.seqincrement, %(json_build_object_5)s, pg_catalog.pg_sequence.seqmin, %(json_build_object_6)s, pg_catalog.pg_sequence.seqmax, %(json_build_object_7)s, pg_catalog.pg_sequence.seqcache, %(json_build_object_8)s, pg_catalog.pg_sequence.seqcycle) AS json_build_object_1 
FROM pg_catalog.pg_sequence 
WHERE pg_catalog.pg_attribute.attidentity != %(attidentity_2)s AND pg_catalog.pg_sequence.seqrelid = CAST(CAST(pg_catalog.pg_get_serial_sequence(CAST(CAST(pg_catalog.pg_attribute.attrelid AS REGCLASS) AS TEXT), pg_catalog.pg_attribute.attname) AS REGCLASS) AS OID)) AS identity_options, CASE WHEN (pg_catalog.pg_attribute.attcollation != %(attcollation_1)s AND (SELECT pg_catalog.pg_type.typcollation 
FROM pg_catalog.pg_type 
WHERE pg_catalog.pg_type.oid = pg_catalog.pg_attribute.atttypid) != pg_catalog.pg_attribute.attcollation) THEN (SELECT pg_catalog.pg_collation.collname 
FROM pg_catalog.pg_collation 
WHERE pg_catalog.pg_collation.oid = pg_catalog.pg_attribute.attcollation) ELSE NULL END AS collation 
FROM pg_catalog.pg_class LEFT OUTER JOIN pg_catalog.pg_attribute ON pg_catalog.pg_class.oid = pg_catalog.pg_attribute.attrelid AND pg_catalog.pg_attribute.attnum > %(attnum_1)s AND NOT pg_catalog.pg_attribute.attisdropped LEFT OUTER JOIN pg_catalog.pg_description ON pg_catalog.pg_description.objoid = pg_catalog.pg_attribute.attrelid AND pg_catalog.pg_description.objsubid = pg_catalog.pg_attribute.attnum JOIN pg_catalog.pg_namespace ON pg_catalog.pg_namespace.oid = pg_catalog.pg_class.relnamespace 
WHERE pg_catalog.pg_class.relkind = ANY (ARRAY[%(param_1)s, %(param_2)s, %(param_3)s]) AND pg_catalog.pg_table_is_visible(pg_catalog.pg_class.oid) AND pg_catalog.pg_namespace.nspname != %(nspname_1)s AND pg_catalog.pg_class.relname IN (%(filter_names_1)s, %(filter_names_2)s, %(filter_names_3)s, %(filter_names_4)s, %(filter_names_5)s, %(filter_names_6)s) ORDER BY pg_catalog.pg_class.relname, pg_catalog.pg_attribute.attnum
2026-04-20 20:39:53,951 // [generated in 0.00072s] {'json_build_object_2': 'always', 'attidentity_1': 'a', 'json_build_object_3': 'start', 'json_build_object_4': 'increment', 'json_build_object_5': 'minvalue', 'json_build_object_6': 'maxvalue', 'json_build_object_7': 'cache', 'json_build_object_8': 'cycle', 'attidentity_2': '', 'attcollation_1': 0, 'attnum_1': 0, 'param_1': 'r', 'param_2': 'p', 'param_3': 'f', 'nspname_1': 'pg_catalog', 'filter_names_1': 'test_table', 'filter_names_2': 'allBids', 'filter_names_3': 'portfolio', 'filter_names_4': 'moneyLimits', 'filter_names_5': 'depoLimit', 'filter_names_6': 'instruments'}
2026-04-20 20:39:54,086 // SELECT pg_catalog.pg_type.typname AS name, pg_catalog.format_type(pg_catalog.pg_type.typbasetype, pg_catalog.pg_type.typtypmod) AS attype, NOT pg_catalog.pg_type.typnotnull AS nullable, pg_catalog.pg_type.typdefault AS "default", pg_catalog.pg_type_is_visible(pg_catalog.pg_type.oid) AS visible, pg_catalog.pg_namespace.nspname AS schema, domain_constraints.condefs, domain_constraints.connames, pg_catalog.pg_collation.collname 
FROM pg_catalog.pg_type JOIN pg_catalog.pg_namespace ON pg_catalog.pg_namespace.oid = pg_catalog.pg_type.typnamespace LEFT OUTER JOIN pg_catalog.pg_collation ON pg_catalog.pg_type.typcollation = pg_catalog.pg_collation.oid LEFT OUTER JOIN (SELECT pg_catalog.pg_constraint.contypid AS contypid, array_agg(pg_catalog.pg_get_constraintdef(pg_catalog.pg_constraint.oid, %(pg_get_constraintdef_1)s)) AS condefs, array_agg(CAST(pg_catalog.pg_constraint.conname AS TEXT)) AS connames 
FROM pg_catalog.pg_constraint 
WHERE pg_catalog.pg_constraint.contypid != %(contypid_1)s GROUP BY pg_catalog.pg_constraint.contypid) AS domain_constraints ON pg_catalog.pg_type.oid = domain_constraints.contypid 
WHERE pg_catalog.pg_type.typtype = %(typtype_1)s ORDER BY pg_catalog.pg_namespace.nspname, pg_catalog.pg_type.typname
2026-04-20 20:39:54,086 // [generated in 0.00033s] {'pg_get_constraintdef_1': True, 'contypid_1': 0, 'typtype_1': 'd'}
2026-04-20 20:39:54,160 // SELECT pg_catalog.pg_type.typname AS name, pg_catalog.pg_type_is_visible(pg_catalog.pg_type.oid) AS visible, pg_catalog.pg_namespace.nspname AS schema, lbl_agg.labels AS labels 
FROM pg_catalog.pg_type JOIN pg_catalog.pg_namespace ON pg_catalog.pg_namespace.oid = pg_catalog.pg_type.typnamespace LEFT OUTER JOIN (SELECT pg_catalog.pg_enum.enumtypid AS enumtypid, array_agg(CAST(pg_catalog.pg_enum.enumlabel AS TEXT) ORDER BY pg_catalog.pg_enum.enumsortorder) AS labels 
FROM pg_catalog.pg_enum GROUP BY pg_catalog.pg_enum.enumtypid) AS lbl_agg ON pg_catalog.pg_type.oid = lbl_agg.enumtypid 
WHERE pg_catalog.pg_type.typtype = %(typtype_1)s ORDER BY pg_catalog.pg_namespace.nspname, pg_catalog.pg_type.typname
2026-04-20 20:39:54,160 // [generated in 0.00049s] {'typtype_1': 'e'}
2026-04-20 20:39:54,232 // SELECT pg_catalog.pg_class.oid, pg_catalog.pg_class.relname 
FROM pg_catalog.pg_class JOIN pg_catalog.pg_namespace ON pg_catalog.pg_namespace.oid = pg_catalog.pg_class.relnamespace 
WHERE pg_catalog.pg_class.relkind = ANY (ARRAY[%(param_1)s, %(param_2)s, %(param_3)s]) AND pg_catalog.pg_table_is_visible(pg_catalog.pg_class.oid) AND pg_catalog.pg_namespace.nspname != %(nspname_1)s AND pg_catalog.pg_class.relname IN (%(filter_names_1)s, %(filter_names_2)s, %(filter_names_3)s, %(filter_names_4)s, %(filter_names_5)s, %(filter_names_6)s)
2026-04-20 20:39:54,232 // [generated in 0.00034s] {'param_1': 'r', 'param_2': 'p', 'param_3': 'f', 'nspname_1': 'pg_catalog', 'filter_names_1': 'test_table', 'filter_names_2': 'allBids', 'filter_names_3': 'portfolio', 'filter_names_4': 'moneyLimits', 'filter_names_5': 'depoLimit', 'filter_names_6': 'instruments'}
2026-04-20 20:39:54,310 // SELECT attr.conrelid, array_agg(CAST(attr.attname AS TEXT) ORDER BY attr.ord) AS cols, attr.conname, min(attr.description) AS description, min(attr.indnkeyatts) AS indnkeyatts, bool_and(attr.indnullsnotdistinct) AS indnullsnotdistinct 
FROM (SELECT con.conrelid AS conrelid, con.conname AS conname, con.description AS description, con.ord AS ord, con.indnkeyatts AS indnkeyatts, con.indnullsnotdistinct AS indnullsnotdistinct, pg_catalog.pg_attribute.attname AS attname 
FROM pg_catalog.pg_attribute JOIN (SELECT pg_catalog.pg_constraint.conrelid AS conrelid, pg_catalog.pg_constraint.conname AS conname, unnest(pg_catalog.pg_index.indkey) AS attnum, generate_subscripts(pg_catalog.pg_index.indkey, %(generate_subscripts_1)s) AS ord, pg_catalog.pg_index.indnkeyatts AS indnkeyatts, pg_catalog.pg_index.indnullsnotdistinct AS indnullsnotdistinct, pg_catalog.pg_description.description AS description 
FROM pg_catalog.pg_constraint JOIN pg_catalog.pg_index ON pg_catalog.pg_constraint.conindid = pg_catalog.pg_index.indexrelid LEFT OUTER JOIN pg_catalog.pg_description ON pg_catalog.pg_description.objoid = pg_catalog.pg_constraint.oid 
WHERE pg_catalog.pg_constraint.contype = %(contype)s AND pg_catalog.pg_constraint.conrelid IN (%(oids_1)s, %(oids_2)s, %(oids_3)s, %(oids_4)s, %(oids_5)s, %(oids_6)s)) AS con ON pg_catalog.pg_attribute.attnum = con.attnum AND pg_catalog.pg_attribute.attrelid = con.conrelid 
WHERE con.conrelid IN (%(oids_1)s, %(oids_2)s, %(oids_3)s, %(oids_4)s, %(oids_5)s, %(oids_6)s)) AS attr GROUP BY attr.conrelid, attr.conname ORDER BY attr.conrelid, attr.conname
2026-04-20 20:39:54,311 // [generated in 0.00118s] {'generate_subscripts_1': 1, 'contype': 'p', 'oids_1': 16391, 'oids_2': 16802, 'oids_3': 16437, 'oids_4': 16529, 'oids_5': 16539, 'oids_6': 16668}
2026-04-20 20:39:54,386 // SELECT pg_catalog.pg_class.relname, pg_catalog.pg_constraint.conname, CASE WHEN (pg_catalog.pg_constraint.oid IS NOT NULL) THEN pg_catalog.pg_get_constraintdef(pg_catalog.pg_constraint.oid, %(pg_get_constraintdef_1)s) END AS anon_1, nsp_ref.nspname, pg_catalog.pg_description.description 
FROM pg_catalog.pg_class LEFT OUTER JOIN pg_catalog.pg_constraint ON pg_catalog.pg_class.oid = pg_catalog.pg_constraint.conrelid AND pg_catalog.pg_constraint.contype = %(contype_1)s LEFT OUTER JOIN pg_catalog.pg_class AS cls_ref ON cls_ref.oid = pg_catalog.pg_constraint.confrelid LEFT OUTER JOIN pg_catalog.pg_namespace AS nsp_ref ON cls_ref.relnamespace = nsp_ref.oid LEFT OUTER JOIN pg_catalog.pg_description ON pg_catalog.pg_description.objoid = pg_catalog.pg_constraint.oid JOIN pg_catalog.pg_namespace ON pg_catalog.pg_namespace.oid = pg_catalog.pg_class.relnamespace 
WHERE pg_catalog.pg_class.relkind = ANY (ARRAY[%(param_1)s, %(param_2)s, %(param_3)s]) AND pg_catalog.pg_table_is_visible(pg_catalog.pg_class.oid) AND pg_catalog.pg_namespace.nspname != %(nspname_1)s AND pg_catalog.pg_class.relname IN (%(filter_names_1)s, %(filter_names_2)s, %(filter_names_3)s, %(filter_names_4)s, %(filter_names_5)s, %(filter_names_6)s) ORDER BY pg_catalog.pg_class.relname, pg_catalog.pg_constraint.conname
2026-04-20 20:39:54,386 // [generated in 0.00037s] {'pg_get_constraintdef_1': True, 'contype_1': 'f', 'param_1': 'r', 'param_2': 'p', 'param_3': 'f', 'nspname_1': 'pg_catalog', 'filter_names_1': 'test_table', 'filter_names_2': 'allBids', 'filter_names_3': 'portfolio', 'filter_names_4': 'moneyLimits', 'filter_names_5': 'depoLimit', 'filter_names_6': 'instruments'}
2026-04-20 20:39:54,457 // SELECT pg_catalog.pg_index.indrelid, pg_catalog.pg_class.relname, pg_catalog.pg_index.indisunique, pg_catalog.pg_constraint.conrelid IS NOT NULL AS has_constraint, pg_catalog.pg_index.indoption, pg_catalog.pg_class.reloptions, pg_catalog.pg_am.amname, CASE WHEN (pg_catalog.pg_index.indpred IS NOT NULL) THEN pg_catalog.pg_get_expr(pg_catalog.pg_index.indpred, pg_catalog.pg_index.indrelid) END AS filter_definition, pg_catalog.pg_index.indnkeyatts, pg_catalog.pg_index.indnullsnotdistinct, idx_cols.elements, idx_cols.elements_is_expr, idx_cols.elements_opclass, idx_cols.elements_opdefault 
FROM pg_catalog.pg_index JOIN pg_catalog.pg_class ON pg_catalog.pg_index.indexrelid = pg_catalog.pg_class.oid JOIN pg_catalog.pg_am ON pg_catalog.pg_class.relam = pg_catalog.pg_am.oid LEFT OUTER JOIN (SELECT idx_attr.indexrelid AS indexrelid, min(idx_attr.indrelid) AS min_1, array_agg(idx_attr.element ORDER BY idx_attr.ord) AS elements, array_agg(idx_attr.is_expr ORDER BY idx_attr.ord) AS elements_is_expr, array_agg(idx_attr.opcname ORDER BY idx_attr.ord) AS elements_opclass, array_agg(idx_attr.opcdefault ORDER BY idx_attr.ord) AS elements_opdefault 
FROM (SELECT idx.indexrelid AS indexrelid, idx.indrelid AS indrelid, idx.ord AS ord, CASE WHEN (idx.attnum = %(attnum_1)s) THEN pg_catalog.pg_get_indexdef(idx.indexrelid, idx.ord + %(ord_1)s, %(pg_get_indexdef_1)s) ELSE CAST(pg_catalog.pg_attribute.attname AS TEXT) END AS element, idx.attnum = %(attnum_2)s AS is_expr, pg_catalog.pg_opclass.opcname AS opcname, pg_catalog.pg_opclass.opcdefault AS opcdefault 
FROM (SELECT pg_catalog.pg_index.indexrelid AS indexrelid, pg_catalog.pg_index.indrelid AS indrelid, unnest(pg_catalog.pg_index.indkey) AS attnum, unnest(pg_catalog.pg_index.indclass) AS att_opclass, generate_subscripts(pg_catalog.pg_index.indkey, %(generate_subscripts_1)s) AS ord 
FROM pg_catalog.pg_index 
WHERE NOT pg_catalog.pg_index.indisprimary AND pg_catalog.pg_index.indrelid IN (%(oids_1)s, %(oids_2)s, %(oids_3)s, %(oids_4)s, %(oids_5)s, %(oids_6)s)) AS idx LEFT OUTER JOIN pg_catalog.pg_attribute ON pg_catalog.pg_attribute.attnum = idx.attnum AND pg_catalog.pg_attribute.attrelid = idx.indrelid LEFT OUTER JOIN pg_catalog.pg_opclass ON pg_catalog.pg_opclass.oid = idx.att_opclass 
WHERE idx.indrelid IN (%(oids_1)s, %(oids_2)s, %(oids_3)s, %(oids_4)s, %(oids_5)s, %(oids_6)s)) AS idx_attr GROUP BY idx_attr.indexrelid) AS idx_cols ON pg_catalog.pg_index.indexrelid = idx_cols.indexrelid LEFT OUTER JOIN pg_catalog.pg_constraint ON pg_catalog.pg_index.indrelid = pg_catalog.pg_constraint.conrelid AND pg_catalog.pg_index.indexrelid = pg_catalog.pg_constraint.conindid AND pg_catalog.pg_constraint.contype = ANY (ARRAY[%(param_1)s, %(param_2)s, %(param_3)s]) 
WHERE pg_catalog.pg_index.indrelid IN (%(oids_1)s, %(oids_2)s, %(oids_3)s, %(oids_4)s, %(oids_5)s, %(oids_6)s) AND NOT pg_catalog.pg_index.indisprimary ORDER BY pg_catalog.pg_index.indrelid, pg_catalog.pg_class.relname
2026-04-20 20:39:54,457 // [generated in 0.00042s] {'attnum_1': 0, 'ord_1': 1, 'pg_get_indexdef_1': True, 'attnum_2': 0, 'generate_subscripts_1': 1, 'param_1': 'p', 'param_2': 'u', 'param_3': 'x', 'oids_1': 16391, 'oids_2': 16802, 'oids_3': 16437, 'oids_4': 16529, 'oids_5': 16539, 'oids_6': 16668}
2026-04-20 20:39:54,801 // SELECT attr.conrelid, array_agg(CAST(attr.attname AS TEXT) ORDER BY attr.ord) AS cols, attr.conname, min(attr.description) AS description, min(attr.indnkeyatts) AS indnkeyatts, bool_and(attr.indnullsnotdistinct) AS indnullsnotdistinct 
FROM (SELECT con.conrelid AS conrelid, con.conname AS conname, con.description AS description, con.ord AS ord, con.indnkeyatts AS indnkeyatts, con.indnullsnotdistinct AS indnullsnotdistinct, pg_catalog.pg_attribute.attname AS attname 
FROM pg_catalog.pg_attribute JOIN (SELECT pg_catalog.pg_constraint.conrelid AS conrelid, pg_catalog.pg_constraint.conname AS conname, unnest(pg_catalog.pg_index.indkey) AS attnum, generate_subscripts(pg_catalog.pg_index.indkey, %(generate_subscripts_1)s) AS ord, pg_catalog.pg_index.indnkeyatts AS indnkeyatts, pg_catalog.pg_index.indnullsnotdistinct AS indnullsnotdistinct, pg_catalog.pg_description.description AS description 
FROM pg_catalog.pg_constraint JOIN pg_catalog.pg_index ON pg_catalog.pg_constraint.conindid = pg_catalog.pg_index.indexrelid LEFT OUTER JOIN pg_catalog.pg_description ON pg_catalog.pg_description.objoid = pg_catalog.pg_constraint.oid 
WHERE pg_catalog.pg_constraint.contype = %(contype)s AND pg_catalog.pg_constraint.conrelid IN (%(oids_1)s, %(oids_2)s, %(oids_3)s, %(oids_4)s, %(oids_5)s, %(oids_6)s)) AS con ON pg_catalog.pg_attribute.attnum = con.attnum AND pg_catalog.pg_attribute.attrelid = con.conrelid 
WHERE con.conrelid IN (%(oids_1)s, %(oids_2)s, %(oids_3)s, %(oids_4)s, %(oids_5)s, %(oids_6)s)) AS attr GROUP BY attr.conrelid, attr.conname ORDER BY attr.conrelid, attr.conname
2026-04-20 20:39:54,801 // [cached since 0.4912s ago] {'generate_subscripts_1': 1, 'contype': 'u', 'oids_1': 16391, 'oids_2': 16802, 'oids_3': 16437, 'oids_4': 16529, 'oids_5': 16539, 'oids_6': 16668}
2026-04-20 20:39:54,867 // SELECT pg_catalog.pg_class.relname, pg_catalog.pg_description.description 
FROM pg_catalog.pg_class LEFT OUTER JOIN pg_catalog.pg_description ON pg_catalog.pg_class.oid = pg_catalog.pg_description.objoid AND pg_catalog.pg_description.objsubid = %(objsubid_1)s AND pg_catalog.pg_description.classoid = CAST(%(param_1)s AS REGCLASS) JOIN pg_catalog.pg_namespace ON pg_catalog.pg_namespace.oid = pg_catalog.pg_class.relnamespace 
WHERE pg_catalog.pg_class.relkind = ANY (ARRAY[%(param_2)s, %(param_3)s, %(param_4)s]) AND pg_catalog.pg_table_is_visible(pg_catalog.pg_class.oid) AND pg_catalog.pg_namespace.nspname != %(nspname_1)s AND pg_catalog.pg_class.relname IN (%(filter_names_1)s, %(filter_names_2)s, %(filter_names_3)s, %(filter_names_4)s, %(filter_names_5)s, %(filter_names_6)s)
2026-04-20 20:39:54,869 // [generated in 0.00171s] {'objsubid_1': 0, 'param_1': 'pg_catalog.pg_class', 'param_2': 'r', 'param_3': 'p', 'param_4': 'f', 'nspname_1': 'pg_catalog', 'filter_names_1': 'test_table', 'filter_names_2': 'allBids', 'filter_names_3': 'portfolio', 'filter_names_4': 'moneyLimits', 'filter_names_5': 'depoLimit', 'filter_names_6': 'instruments'}
2026-04-20 20:39:54,938 // SELECT pg_catalog.pg_class.relname, pg_catalog.pg_constraint.conname, CASE WHEN (pg_catalog.pg_constraint.oid IS NOT NULL) THEN pg_catalog.pg_get_constraintdef(pg_catalog.pg_constraint.oid, %(pg_get_constraintdef_1)s) END AS anon_1, pg_catalog.pg_description.description 
FROM pg_catalog.pg_class LEFT OUTER JOIN pg_catalog.pg_constraint ON pg_catalog.pg_class.oid = pg_catalog.pg_constraint.conrelid AND pg_catalog.pg_constraint.contype = %(contype_1)s LEFT OUTER JOIN pg_catalog.pg_description ON pg_catalog.pg_description.objoid = pg_catalog.pg_constraint.oid JOIN pg_catalog.pg_namespace ON pg_catalog.pg_namespace.oid = pg_catalog.pg_class.relnamespace 
WHERE pg_catalog.pg_class.relkind = ANY (ARRAY[%(param_1)s, %(param_2)s, %(param_3)s]) AND pg_catalog.pg_table_is_visible(pg_catalog.pg_class.oid) AND pg_catalog.pg_namespace.nspname != %(nspname_1)s AND pg_catalog.pg_class.relname IN (%(filter_names_1)s, %(filter_names_2)s, %(filter_names_3)s, %(filter_names_4)s, %(filter_names_5)s, %(filter_names_6)s) ORDER BY pg_catalog.pg_class.relname, pg_catalog.pg_constraint.conname
2026-04-20 20:39:54,938 // [generated in 0.00051s] {'pg_get_constraintdef_1': True, 'contype_1': 'c', 'param_1': 'r', 'param_2': 'p', 'param_3': 'f', 'nspname_1': 'pg_catalog', 'filter_names_1': 'test_table', 'filter_names_2': 'allBids', 'filter_names_3': 'portfolio', 'filter_names_4': 'moneyLimits', 'filter_names_5': 'depoLimit', 'filter_names_6': 'instruments'}
2026-04-20 20:39:54,999 // SELECT pg_catalog.pg_class.relname 
FROM pg_catalog.pg_class JOIN pg_catalog.pg_namespace ON pg_catalog.pg_namespace.oid = pg_catalog.pg_class.relnamespace 
WHERE pg_catalog.pg_class.relkind = ANY (ARRAY[%(param_1)s, %(param_2)s]) AND pg_catalog.pg_class.relpersistence = %(relpersistence_1)s AND pg_catalog.pg_table_is_visible(pg_catalog.pg_class.oid) AND pg_catalog.pg_namespace.nspname != %(nspname_1)s
2026-04-20 20:39:55,009 // [generated in 0.00972s] {'param_1': 'r', 'param_2': 'p', 'relpersistence_1': 't', 'nspname_1': 'pg_catalog'}
2026-04-20 20:39:55,075 // ROLLBACK
2026-04-20 20:40:41,424 // SCRIPT HAS BEEN STARTED
2026-04-20 20:40:43,399 // select pg_catalog.version()
2026-04-20 20:40:43,399 // [raw sql] {}
2026-04-20 20:40:43,527 // select current_schema()
2026-04-20 20:40:43,527 // [raw sql] {}
2026-04-20 20:40:43,653 // show standard_conforming_strings
2026-04-20 20:40:43,653 // [raw sql] {}
2026-04-20 20:40:43,776 // BEGIN (implicit)
2026-04-20 20:40:43,778 // COMMIT
2026-04-20 20:40:43,780 // BEGIN (implicit)
2026-04-20 20:40:43,781 // SELECT pg_catalog.pg_class.relname 
FROM pg_catalog.pg_class JOIN pg_catalog.pg_namespace ON pg_catalog.pg_namespace.oid = pg_catalog.pg_class.relnamespace 
WHERE pg_catalog.pg_class.relkind = ANY (ARRAY[%(param_1)s, %(param_2)s]) AND pg_catalog.pg_class.relpersistence != %(relpersistence_1)s AND pg_catalog.pg_table_is_visible(pg_catalog.pg_class.oid) AND pg_catalog.pg_namespace.nspname != %(nspname_1)s
2026-04-20 20:40:43,781 // [generated in 0.00037s] {'param_1': 'r', 'param_2': 'p', 'relpersistence_1': 't', 'nspname_1': 'pg_catalog'}
2026-04-20 20:40:44,451 // SELECT pg_catalog.pg_attribute.attname AS name, pg_catalog.format_type(pg_catalog.pg_attribute.atttypid, pg_catalog.pg_attribute.atttypmod) AS format_type, (SELECT pg_catalog.pg_get_expr(pg_catalog.pg_attrdef.adbin, pg_catalog.pg_attrdef.adrelid) AS pg_get_expr_1 
FROM pg_catalog.pg_attrdef 
WHERE pg_catalog.pg_attrdef.adrelid = pg_catalog.pg_attribute.attrelid AND pg_catalog.pg_attrdef.adnum = pg_catalog.pg_attribute.attnum AND pg_catalog.pg_attribute.atthasdef) AS "default", pg_catalog.pg_attribute.attnotnull AS not_null, pg_catalog.pg_class.relname AS table_name, pg_catalog.pg_description.description AS comment, pg_catalog.pg_attribute.attgenerated AS generated, (SELECT json_build_object(%(json_build_object_2)s, pg_catalog.pg_attribute.attidentity = %(attidentity_1)s, %(json_build_object_3)s, pg_catalog.pg_sequence.seqstart, %(json_build_object_4)s, pg_catalog.pg_sequence.seqincrement, %(json_build_object_5)s, pg_catalog.pg_sequence.seqmin, %(json_build_object_6)s, pg_catalog.pg_sequence.seqmax, %(json_build_object_7)s, pg_catalog.pg_sequence.seqcache, %(json_build_object_8)s, pg_catalog.pg_sequence.seqcycle) AS json_build_object_1 
FROM pg_catalog.pg_sequence 
WHERE pg_catalog.pg_attribute.attidentity != %(attidentity_2)s AND pg_catalog.pg_sequence.seqrelid = CAST(CAST(pg_catalog.pg_get_serial_sequence(CAST(CAST(pg_catalog.pg_attribute.attrelid AS REGCLASS) AS TEXT), pg_catalog.pg_attribute.attname) AS REGCLASS) AS OID)) AS identity_options, CASE WHEN (pg_catalog.pg_attribute.attcollation != %(attcollation_1)s AND (SELECT pg_catalog.pg_type.typcollation 
FROM pg_catalog.pg_type 
WHERE pg_catalog.pg_type.oid = pg_catalog.pg_attribute.atttypid) != pg_catalog.pg_attribute.attcollation) THEN (SELECT pg_catalog.pg_collation.collname 
FROM pg_catalog.pg_collation 
WHERE pg_catalog.pg_collation.oid = pg_catalog.pg_attribute.attcollation) ELSE NULL END AS collation 
FROM pg_catalog.pg_class LEFT OUTER JOIN pg_catalog.pg_attribute ON pg_catalog.pg_class.oid = pg_catalog.pg_attribute.attrelid AND pg_catalog.pg_attribute.attnum > %(attnum_1)s AND NOT pg_catalog.pg_attribute.attisdropped LEFT OUTER JOIN pg_catalog.pg_description ON pg_catalog.pg_description.objoid = pg_catalog.pg_attribute.attrelid AND pg_catalog.pg_description.objsubid = pg_catalog.pg_attribute.attnum JOIN pg_catalog.pg_namespace ON pg_catalog.pg_namespace.oid = pg_catalog.pg_class.relnamespace 
WHERE pg_catalog.pg_class.relkind = ANY (ARRAY[%(param_1)s, %(param_2)s, %(param_3)s]) AND pg_catalog.pg_table_is_visible(pg_catalog.pg_class.oid) AND pg_catalog.pg_namespace.nspname != %(nspname_1)s AND pg_catalog.pg_class.relname IN (%(filter_names_1)s, %(filter_names_2)s, %(filter_names_3)s, %(filter_names_4)s, %(filter_names_5)s, %(filter_names_6)s) ORDER BY pg_catalog.pg_class.relname, pg_catalog.pg_attribute.attnum
2026-04-20 20:40:44,451 // [generated in 0.00051s] {'json_build_object_2': 'always', 'attidentity_1': 'a', 'json_build_object_3': 'start', 'json_build_object_4': 'increment', 'json_build_object_5': 'minvalue', 'json_build_object_6': 'maxvalue', 'json_build_object_7': 'cache', 'json_build_object_8': 'cycle', 'attidentity_2': '', 'attcollation_1': 0, 'attnum_1': 0, 'param_1': 'r', 'param_2': 'p', 'param_3': 'f', 'nspname_1': 'pg_catalog', 'filter_names_1': 'test_table', 'filter_names_2': 'allBids', 'filter_names_3': 'portfolio', 'filter_names_4': 'moneyLimits', 'filter_names_5': 'depoLimit', 'filter_names_6': 'instruments'}
2026-04-20 20:40:44,711 // SELECT pg_catalog.pg_type.typname AS name, pg_catalog.format_type(pg_catalog.pg_type.typbasetype, pg_catalog.pg_type.typtypmod) AS attype, NOT pg_catalog.pg_type.typnotnull AS nullable, pg_catalog.pg_type.typdefault AS "default", pg_catalog.pg_type_is_visible(pg_catalog.pg_type.oid) AS visible, pg_catalog.pg_namespace.nspname AS schema, domain_constraints.condefs, domain_constraints.connames, pg_catalog.pg_collation.collname 
FROM pg_catalog.pg_type JOIN pg_catalog.pg_namespace ON pg_catalog.pg_namespace.oid = pg_catalog.pg_type.typnamespace LEFT OUTER JOIN pg_catalog.pg_collation ON pg_catalog.pg_type.typcollation = pg_catalog.pg_collation.oid LEFT OUTER JOIN (SELECT pg_catalog.pg_constraint.contypid AS contypid, array_agg(pg_catalog.pg_get_constraintdef(pg_catalog.pg_constraint.oid, %(pg_get_constraintdef_1)s)) AS condefs, array_agg(CAST(pg_catalog.pg_constraint.conname AS TEXT)) AS connames 
FROM pg_catalog.pg_constraint 
WHERE pg_catalog.pg_constraint.contypid != %(contypid_1)s GROUP BY pg_catalog.pg_constraint.contypid) AS domain_constraints ON pg_catalog.pg_type.oid = domain_constraints.contypid 
WHERE pg_catalog.pg_type.typtype = %(typtype_1)s ORDER BY pg_catalog.pg_namespace.nspname, pg_catalog.pg_type.typname
2026-04-20 20:40:44,712 // [generated in 0.00032s] {'pg_get_constraintdef_1': True, 'contypid_1': 0, 'typtype_1': 'd'}
2026-04-20 20:40:44,780 // SELECT pg_catalog.pg_type.typname AS name, pg_catalog.pg_type_is_visible(pg_catalog.pg_type.oid) AS visible, pg_catalog.pg_namespace.nspname AS schema, lbl_agg.labels AS labels 
FROM pg_catalog.pg_type JOIN pg_catalog.pg_namespace ON pg_catalog.pg_namespace.oid = pg_catalog.pg_type.typnamespace LEFT OUTER JOIN (SELECT pg_catalog.pg_enum.enumtypid AS enumtypid, array_agg(CAST(pg_catalog.pg_enum.enumlabel AS TEXT) ORDER BY pg_catalog.pg_enum.enumsortorder) AS labels 
FROM pg_catalog.pg_enum GROUP BY pg_catalog.pg_enum.enumtypid) AS lbl_agg ON pg_catalog.pg_type.oid = lbl_agg.enumtypid 
WHERE pg_catalog.pg_type.typtype = %(typtype_1)s ORDER BY pg_catalog.pg_namespace.nspname, pg_catalog.pg_type.typname
2026-04-20 20:40:44,780 // [generated in 0.00050s] {'typtype_1': 'e'}
2026-04-20 20:40:44,847 // SELECT pg_catalog.pg_class.oid, pg_catalog.pg_class.relname 
FROM pg_catalog.pg_class JOIN pg_catalog.pg_namespace ON pg_catalog.pg_namespace.oid = pg_catalog.pg_class.relnamespace 
WHERE pg_catalog.pg_class.relkind = ANY (ARRAY[%(param_1)s, %(param_2)s, %(param_3)s]) AND pg_catalog.pg_table_is_visible(pg_catalog.pg_class.oid) AND pg_catalog.pg_namespace.nspname != %(nspname_1)s AND pg_catalog.pg_class.relname IN (%(filter_names_1)s, %(filter_names_2)s, %(filter_names_3)s, %(filter_names_4)s, %(filter_names_5)s, %(filter_names_6)s)
2026-04-20 20:40:44,848 // [generated in 0.00055s] {'param_1': 'r', 'param_2': 'p', 'param_3': 'f', 'nspname_1': 'pg_catalog', 'filter_names_1': 'test_table', 'filter_names_2': 'allBids', 'filter_names_3': 'portfolio', 'filter_names_4': 'moneyLimits', 'filter_names_5': 'depoLimit', 'filter_names_6': 'instruments'}
2026-04-20 20:40:44,918 // SELECT attr.conrelid, array_agg(CAST(attr.attname AS TEXT) ORDER BY attr.ord) AS cols, attr.conname, min(attr.description) AS description, min(attr.indnkeyatts) AS indnkeyatts, bool_and(attr.indnullsnotdistinct) AS indnullsnotdistinct 
FROM (SELECT con.conrelid AS conrelid, con.conname AS conname, con.description AS description, con.ord AS ord, con.indnkeyatts AS indnkeyatts, con.indnullsnotdistinct AS indnullsnotdistinct, pg_catalog.pg_attribute.attname AS attname 
FROM pg_catalog.pg_attribute JOIN (SELECT pg_catalog.pg_constraint.conrelid AS conrelid, pg_catalog.pg_constraint.conname AS conname, unnest(pg_catalog.pg_index.indkey) AS attnum, generate_subscripts(pg_catalog.pg_index.indkey, %(generate_subscripts_1)s) AS ord, pg_catalog.pg_index.indnkeyatts AS indnkeyatts, pg_catalog.pg_index.indnullsnotdistinct AS indnullsnotdistinct, pg_catalog.pg_description.description AS description 
FROM pg_catalog.pg_constraint JOIN pg_catalog.pg_index ON pg_catalog.pg_constraint.conindid = pg_catalog.pg_index.indexrelid LEFT OUTER JOIN pg_catalog.pg_description ON pg_catalog.pg_description.objoid = pg_catalog.pg_constraint.oid 
WHERE pg_catalog.pg_constraint.contype = %(contype)s AND pg_catalog.pg_constraint.conrelid IN (%(oids_1)s, %(oids_2)s, %(oids_3)s, %(oids_4)s, %(oids_5)s, %(oids_6)s)) AS con ON pg_catalog.pg_attribute.attnum = con.attnum AND pg_catalog.pg_attribute.attrelid = con.conrelid 
WHERE con.conrelid IN (%(oids_1)s, %(oids_2)s, %(oids_3)s, %(oids_4)s, %(oids_5)s, %(oids_6)s)) AS attr GROUP BY attr.conrelid, attr.conname ORDER BY attr.conrelid, attr.conname
2026-04-20 20:40:44,918 // [generated in 0.00050s] {'generate_subscripts_1': 1, 'contype': 'p', 'oids_1': 16391, 'oids_2': 16802, 'oids_3': 16437, 'oids_4': 16529, 'oids_5': 16539, 'oids_6': 16668}
2026-04-20 20:40:44,989 // SELECT pg_catalog.pg_class.relname, pg_catalog.pg_constraint.conname, CASE WHEN (pg_catalog.pg_constraint.oid IS NOT NULL) THEN pg_catalog.pg_get_constraintdef(pg_catalog.pg_constraint.oid, %(pg_get_constraintdef_1)s) END AS anon_1, nsp_ref.nspname, pg_catalog.pg_description.description 
FROM pg_catalog.pg_class LEFT OUTER JOIN pg_catalog.pg_constraint ON pg_catalog.pg_class.oid = pg_catalog.pg_constraint.conrelid AND pg_catalog.pg_constraint.contype = %(contype_1)s LEFT OUTER JOIN pg_catalog.pg_class AS cls_ref ON cls_ref.oid = pg_catalog.pg_constraint.confrelid LEFT OUTER JOIN pg_catalog.pg_namespace AS nsp_ref ON cls_ref.relnamespace = nsp_ref.oid LEFT OUTER JOIN pg_catalog.pg_description ON pg_catalog.pg_description.objoid = pg_catalog.pg_constraint.oid JOIN pg_catalog.pg_namespace ON pg_catalog.pg_namespace.oid = pg_catalog.pg_class.relnamespace 
WHERE pg_catalog.pg_class.relkind = ANY (ARRAY[%(param_1)s, %(param_2)s, %(param_3)s]) AND pg_catalog.pg_table_is_visible(pg_catalog.pg_class.oid) AND pg_catalog.pg_namespace.nspname != %(nspname_1)s AND pg_catalog.pg_class.relname IN (%(filter_names_1)s, %(filter_names_2)s, %(filter_names_3)s, %(filter_names_4)s, %(filter_names_5)s, %(filter_names_6)s) ORDER BY pg_catalog.pg_class.relname, pg_catalog.pg_constraint.conname
2026-04-20 20:40:44,990 // [generated in 0.00039s] {'pg_get_constraintdef_1': True, 'contype_1': 'f', 'param_1': 'r', 'param_2': 'p', 'param_3': 'f', 'nspname_1': 'pg_catalog', 'filter_names_1': 'test_table', 'filter_names_2': 'allBids', 'filter_names_3': 'portfolio', 'filter_names_4': 'moneyLimits', 'filter_names_5': 'depoLimit', 'filter_names_6': 'instruments'}
2026-04-20 20:40:45,062 // SELECT pg_catalog.pg_index.indrelid, pg_catalog.pg_class.relname, pg_catalog.pg_index.indisunique, pg_catalog.pg_constraint.conrelid IS NOT NULL AS has_constraint, pg_catalog.pg_index.indoption, pg_catalog.pg_class.reloptions, pg_catalog.pg_am.amname, CASE WHEN (pg_catalog.pg_index.indpred IS NOT NULL) THEN pg_catalog.pg_get_expr(pg_catalog.pg_index.indpred, pg_catalog.pg_index.indrelid) END AS filter_definition, pg_catalog.pg_index.indnkeyatts, pg_catalog.pg_index.indnullsnotdistinct, idx_cols.elements, idx_cols.elements_is_expr, idx_cols.elements_opclass, idx_cols.elements_opdefault 
FROM pg_catalog.pg_index JOIN pg_catalog.pg_class ON pg_catalog.pg_index.indexrelid = pg_catalog.pg_class.oid JOIN pg_catalog.pg_am ON pg_catalog.pg_class.relam = pg_catalog.pg_am.oid LEFT OUTER JOIN (SELECT idx_attr.indexrelid AS indexrelid, min(idx_attr.indrelid) AS min_1, array_agg(idx_attr.element ORDER BY idx_attr.ord) AS elements, array_agg(idx_attr.is_expr ORDER BY idx_attr.ord) AS elements_is_expr, array_agg(idx_attr.opcname ORDER BY idx_attr.ord) AS elements_opclass, array_agg(idx_attr.opcdefault ORDER BY idx_attr.ord) AS elements_opdefault 
FROM (SELECT idx.indexrelid AS indexrelid, idx.indrelid AS indrelid, idx.ord AS ord, CASE WHEN (idx.attnum = %(attnum_1)s) THEN pg_catalog.pg_get_indexdef(idx.indexrelid, idx.ord + %(ord_1)s, %(pg_get_indexdef_1)s) ELSE CAST(pg_catalog.pg_attribute.attname AS TEXT) END AS element, idx.attnum = %(attnum_2)s AS is_expr, pg_catalog.pg_opclass.opcname AS opcname, pg_catalog.pg_opclass.opcdefault AS opcdefault 
FROM (SELECT pg_catalog.pg_index.indexrelid AS indexrelid, pg_catalog.pg_index.indrelid AS indrelid, unnest(pg_catalog.pg_index.indkey) AS attnum, unnest(pg_catalog.pg_index.indclass) AS att_opclass, generate_subscripts(pg_catalog.pg_index.indkey, %(generate_subscripts_1)s) AS ord 
FROM pg_catalog.pg_index 
WHERE NOT pg_catalog.pg_index.indisprimary AND pg_catalog.pg_index.indrelid IN (%(oids_1)s, %(oids_2)s, %(oids_3)s, %(oids_4)s, %(oids_5)s, %(oids_6)s)) AS idx LEFT OUTER JOIN pg_catalog.pg_attribute ON pg_catalog.pg_attribute.attnum = idx.attnum AND pg_catalog.pg_attribute.attrelid = idx.indrelid LEFT OUTER JOIN pg_catalog.pg_opclass ON pg_catalog.pg_opclass.oid = idx.att_opclass 
WHERE idx.indrelid IN (%(oids_1)s, %(oids_2)s, %(oids_3)s, %(oids_4)s, %(oids_5)s, %(oids_6)s)) AS idx_attr GROUP BY idx_attr.indexrelid) AS idx_cols ON pg_catalog.pg_index.indexrelid = idx_cols.indexrelid LEFT OUTER JOIN pg_catalog.pg_constraint ON pg_catalog.pg_index.indrelid = pg_catalog.pg_constraint.conrelid AND pg_catalog.pg_index.indexrelid = pg_catalog.pg_constraint.conindid AND pg_catalog.pg_constraint.contype = ANY (ARRAY[%(param_1)s, %(param_2)s, %(param_3)s]) 
WHERE pg_catalog.pg_index.indrelid IN (%(oids_1)s, %(oids_2)s, %(oids_3)s, %(oids_4)s, %(oids_5)s, %(oids_6)s) AND NOT pg_catalog.pg_index.indisprimary ORDER BY pg_catalog.pg_index.indrelid, pg_catalog.pg_class.relname
2026-04-20 20:40:45,062 // [generated in 0.00053s] {'attnum_1': 0, 'ord_1': 1, 'pg_get_indexdef_1': True, 'attnum_2': 0, 'generate_subscripts_1': 1, 'param_1': 'p', 'param_2': 'u', 'param_3': 'x', 'oids_1': 16391, 'oids_2': 16802, 'oids_3': 16437, 'oids_4': 16529, 'oids_5': 16539, 'oids_6': 16668}
2026-04-20 20:40:45,130 // SELECT attr.conrelid, array_agg(CAST(attr.attname AS TEXT) ORDER BY attr.ord) AS cols, attr.conname, min(attr.description) AS description, min(attr.indnkeyatts) AS indnkeyatts, bool_and(attr.indnullsnotdistinct) AS indnullsnotdistinct 
FROM (SELECT con.conrelid AS conrelid, con.conname AS conname, con.description AS description, con.ord AS ord, con.indnkeyatts AS indnkeyatts, con.indnullsnotdistinct AS indnullsnotdistinct, pg_catalog.pg_attribute.attname AS attname 
FROM pg_catalog.pg_attribute JOIN (SELECT pg_catalog.pg_constraint.conrelid AS conrelid, pg_catalog.pg_constraint.conname AS conname, unnest(pg_catalog.pg_index.indkey) AS attnum, generate_subscripts(pg_catalog.pg_index.indkey, %(generate_subscripts_1)s) AS ord, pg_catalog.pg_index.indnkeyatts AS indnkeyatts, pg_catalog.pg_index.indnullsnotdistinct AS indnullsnotdistinct, pg_catalog.pg_description.description AS description 
FROM pg_catalog.pg_constraint JOIN pg_catalog.pg_index ON pg_catalog.pg_constraint.conindid = pg_catalog.pg_index.indexrelid LEFT OUTER JOIN pg_catalog.pg_description ON pg_catalog.pg_description.objoid = pg_catalog.pg_constraint.oid 
WHERE pg_catalog.pg_constraint.contype = %(contype)s AND pg_catalog.pg_constraint.conrelid IN (%(oids_1)s, %(oids_2)s, %(oids_3)s, %(oids_4)s, %(oids_5)s, %(oids_6)s)) AS con ON pg_catalog.pg_attribute.attnum = con.attnum AND pg_catalog.pg_attribute.attrelid = con.conrelid 
WHERE con.conrelid IN (%(oids_1)s, %(oids_2)s, %(oids_3)s, %(oids_4)s, %(oids_5)s, %(oids_6)s)) AS attr GROUP BY attr.conrelid, attr.conname ORDER BY attr.conrelid, attr.conname
2026-04-20 20:40:45,130 // [cached since 0.2128s ago] {'generate_subscripts_1': 1, 'contype': 'u', 'oids_1': 16391, 'oids_2': 16802, 'oids_3': 16437, 'oids_4': 16529, 'oids_5': 16539, 'oids_6': 16668}
2026-04-20 20:40:45,196 // SELECT pg_catalog.pg_class.relname, pg_catalog.pg_description.description 
FROM pg_catalog.pg_class LEFT OUTER JOIN pg_catalog.pg_description ON pg_catalog.pg_class.oid = pg_catalog.pg_description.objoid AND pg_catalog.pg_description.objsubid = %(objsubid_1)s AND pg_catalog.pg_description.classoid = CAST(%(param_1)s AS REGCLASS) JOIN pg_catalog.pg_namespace ON pg_catalog.pg_namespace.oid = pg_catalog.pg_class.relnamespace 
WHERE pg_catalog.pg_class.relkind = ANY (ARRAY[%(param_2)s, %(param_3)s, %(param_4)s]) AND pg_catalog.pg_table_is_visible(pg_catalog.pg_class.oid) AND pg_catalog.pg_namespace.nspname != %(nspname_1)s AND pg_catalog.pg_class.relname IN (%(filter_names_1)s, %(filter_names_2)s, %(filter_names_3)s, %(filter_names_4)s, %(filter_names_5)s, %(filter_names_6)s)
2026-04-20 20:40:45,197 // [generated in 0.00050s] {'objsubid_1': 0, 'param_1': 'pg_catalog.pg_class', 'param_2': 'r', 'param_3': 'p', 'param_4': 'f', 'nspname_1': 'pg_catalog', 'filter_names_1': 'test_table', 'filter_names_2': 'allBids', 'filter_names_3': 'portfolio', 'filter_names_4': 'moneyLimits', 'filter_names_5': 'depoLimit', 'filter_names_6': 'instruments'}
2026-04-20 20:40:45,264 // SELECT pg_catalog.pg_class.relname, pg_catalog.pg_constraint.conname, CASE WHEN (pg_catalog.pg_constraint.oid IS NOT NULL) THEN pg_catalog.pg_get_constraintdef(pg_catalog.pg_constraint.oid, %(pg_get_constraintdef_1)s) END AS anon_1, pg_catalog.pg_description.description 
FROM pg_catalog.pg_class LEFT OUTER JOIN pg_catalog.pg_constraint ON pg_catalog.pg_class.oid = pg_catalog.pg_constraint.conrelid AND pg_catalog.pg_constraint.contype = %(contype_1)s LEFT OUTER JOIN pg_catalog.pg_description ON pg_catalog.pg_description.objoid = pg_catalog.pg_constraint.oid JOIN pg_catalog.pg_namespace ON pg_catalog.pg_namespace.oid = pg_catalog.pg_class.relnamespace 
WHERE pg_catalog.pg_class.relkind = ANY (ARRAY[%(param_1)s, %(param_2)s, %(param_3)s]) AND pg_catalog.pg_table_is_visible(pg_catalog.pg_class.oid) AND pg_catalog.pg_namespace.nspname != %(nspname_1)s AND pg_catalog.pg_class.relname IN (%(filter_names_1)s, %(filter_names_2)s, %(filter_names_3)s, %(filter_names_4)s, %(filter_names_5)s, %(filter_names_6)s) ORDER BY pg_catalog.pg_class.relname, pg_catalog.pg_constraint.conname
2026-04-20 20:40:45,265 // [generated in 0.00055s] {'pg_get_constraintdef_1': True, 'contype_1': 'c', 'param_1': 'r', 'param_2': 'p', 'param_3': 'f', 'nspname_1': 'pg_catalog', 'filter_names_1': 'test_table', 'filter_names_2': 'allBids', 'filter_names_3': 'portfolio', 'filter_names_4': 'moneyLimits', 'filter_names_5': 'depoLimit', 'filter_names_6': 'instruments'}
2026-04-20 20:40:45,329 // SELECT pg_catalog.pg_class.relname 
FROM pg_catalog.pg_class JOIN pg_catalog.pg_namespace ON pg_catalog.pg_namespace.oid = pg_catalog.pg_class.relnamespace 
WHERE pg_catalog.pg_class.relkind = ANY (ARRAY[%(param_1)s, %(param_2)s]) AND pg_catalog.pg_class.relpersistence = %(relpersistence_1)s AND pg_catalog.pg_table_is_visible(pg_catalog.pg_class.oid) AND pg_catalog.pg_namespace.nspname != %(nspname_1)s
2026-04-20 20:40:45,329 // [generated in 0.00036s] {'param_1': 'r', 'param_2': 'p', 'relpersistence_1': 't', 'nspname_1': 'pg_catalog'}
2026-04-20 20:40:45,671 // ROLLBACK
2026-04-20 20:40:46,862 // Authorization is complete!
2026-04-20 20:40:46,863 // SCRIPT HAS BEEN FINISHED
2026-04-20 20:46:21,054 // SCRIPT HAS BEEN STARTED
2026-04-20 20:46:23,039 // select pg_catalog.version()
2026-04-20 20:46:23,039 // [raw sql] {}
2026-04-20 20:46:23,166 // select current_schema()
2026-04-20 20:46:23,167 // [raw sql] {}
2026-04-20 20:46:23,293 // show standard_conforming_strings
2026-04-20 20:46:23,293 // [raw sql] {}
2026-04-20 20:46:23,418 // BEGIN (implicit)
2026-04-20 20:46:23,418 // COMMIT
2026-04-20 20:46:23,422 // BEGIN (implicit)
2026-04-20 20:46:23,422 // SELECT pg_catalog.pg_class.relname 
FROM pg_catalog.pg_class JOIN pg_catalog.pg_namespace ON pg_catalog.pg_namespace.oid = pg_catalog.pg_class.relnamespace 
WHERE pg_catalog.pg_class.relkind = ANY (ARRAY[%(param_1)s, %(param_2)s]) AND pg_catalog.pg_class.relpersistence != %(relpersistence_1)s AND pg_catalog.pg_table_is_visible(pg_catalog.pg_class.oid) AND pg_catalog.pg_namespace.nspname != %(nspname_1)s
2026-04-20 20:46:23,422 // [generated in 0.00058s] {'param_1': 'r', 'param_2': 'p', 'relpersistence_1': 't', 'nspname_1': 'pg_catalog'}
2026-04-20 20:46:23,830 // SELECT pg_catalog.pg_attribute.attname AS name, pg_catalog.format_type(pg_catalog.pg_attribute.atttypid, pg_catalog.pg_attribute.atttypmod) AS format_type, (SELECT pg_catalog.pg_get_expr(pg_catalog.pg_attrdef.adbin, pg_catalog.pg_attrdef.adrelid) AS pg_get_expr_1 
FROM pg_catalog.pg_attrdef 
WHERE pg_catalog.pg_attrdef.adrelid = pg_catalog.pg_attribute.attrelid AND pg_catalog.pg_attrdef.adnum = pg_catalog.pg_attribute.attnum AND pg_catalog.pg_attribute.atthasdef) AS "default", pg_catalog.pg_attribute.attnotnull AS not_null, pg_catalog.pg_class.relname AS table_name, pg_catalog.pg_description.description AS comment, pg_catalog.pg_attribute.attgenerated AS generated, (SELECT json_build_object(%(json_build_object_2)s, pg_catalog.pg_attribute.attidentity = %(attidentity_1)s, %(json_build_object_3)s, pg_catalog.pg_sequence.seqstart, %(json_build_object_4)s, pg_catalog.pg_sequence.seqincrement, %(json_build_object_5)s, pg_catalog.pg_sequence.seqmin, %(json_build_object_6)s, pg_catalog.pg_sequence.seqmax, %(json_build_object_7)s, pg_catalog.pg_sequence.seqcache, %(json_build_object_8)s, pg_catalog.pg_sequence.seqcycle) AS json_build_object_1 
FROM pg_catalog.pg_sequence 
WHERE pg_catalog.pg_attribute.attidentity != %(attidentity_2)s AND pg_catalog.pg_sequence.seqrelid = CAST(CAST(pg_catalog.pg_get_serial_sequence(CAST(CAST(pg_catalog.pg_attribute.attrelid AS REGCLASS) AS TEXT), pg_catalog.pg_attribute.attname) AS REGCLASS) AS OID)) AS identity_options, CASE WHEN (pg_catalog.pg_attribute.attcollation != %(attcollation_1)s AND (SELECT pg_catalog.pg_type.typcollation 
FROM pg_catalog.pg_type 
WHERE pg_catalog.pg_type.oid = pg_catalog.pg_attribute.atttypid) != pg_catalog.pg_attribute.attcollation) THEN (SELECT pg_catalog.pg_collation.collname 
FROM pg_catalog.pg_collation 
WHERE pg_catalog.pg_collation.oid = pg_catalog.pg_attribute.attcollation) ELSE NULL END AS collation 
FROM pg_catalog.pg_class LEFT OUTER JOIN pg_catalog.pg_attribute ON pg_catalog.pg_class.oid = pg_catalog.pg_attribute.attrelid AND pg_catalog.pg_attribute.attnum > %(attnum_1)s AND NOT pg_catalog.pg_attribute.attisdropped LEFT OUTER JOIN pg_catalog.pg_description ON pg_catalog.pg_description.objoid = pg_catalog.pg_attribute.attrelid AND pg_catalog.pg_description.objsubid = pg_catalog.pg_attribute.attnum JOIN pg_catalog.pg_namespace ON pg_catalog.pg_namespace.oid = pg_catalog.pg_class.relnamespace 
WHERE pg_catalog.pg_class.relkind = ANY (ARRAY[%(param_1)s, %(param_2)s, %(param_3)s]) AND pg_catalog.pg_table_is_visible(pg_catalog.pg_class.oid) AND pg_catalog.pg_namespace.nspname != %(nspname_1)s AND pg_catalog.pg_class.relname IN (%(filter_names_1)s, %(filter_names_2)s, %(filter_names_3)s, %(filter_names_4)s, %(filter_names_5)s, %(filter_names_6)s) ORDER BY pg_catalog.pg_class.relname, pg_catalog.pg_attribute.attnum
2026-04-20 20:46:23,830 // [generated in 0.00045s] {'json_build_object_2': 'always', 'attidentity_1': 'a', 'json_build_object_3': 'start', 'json_build_object_4': 'increment', 'json_build_object_5': 'minvalue', 'json_build_object_6': 'maxvalue', 'json_build_object_7': 'cache', 'json_build_object_8': 'cycle', 'attidentity_2': '', 'attcollation_1': 0, 'attnum_1': 0, 'param_1': 'r', 'param_2': 'p', 'param_3': 'f', 'nspname_1': 'pg_catalog', 'filter_names_1': 'test_table', 'filter_names_2': 'allBids', 'filter_names_3': 'portfolio', 'filter_names_4': 'moneyLimits', 'filter_names_5': 'depoLimit', 'filter_names_6': 'instruments'}
2026-04-20 20:46:23,970 // SELECT pg_catalog.pg_type.typname AS name, pg_catalog.format_type(pg_catalog.pg_type.typbasetype, pg_catalog.pg_type.typtypmod) AS attype, NOT pg_catalog.pg_type.typnotnull AS nullable, pg_catalog.pg_type.typdefault AS "default", pg_catalog.pg_type_is_visible(pg_catalog.pg_type.oid) AS visible, pg_catalog.pg_namespace.nspname AS schema, domain_constraints.condefs, domain_constraints.connames, pg_catalog.pg_collation.collname 
FROM pg_catalog.pg_type JOIN pg_catalog.pg_namespace ON pg_catalog.pg_namespace.oid = pg_catalog.pg_type.typnamespace LEFT OUTER JOIN pg_catalog.pg_collation ON pg_catalog.pg_type.typcollation = pg_catalog.pg_collation.oid LEFT OUTER JOIN (SELECT pg_catalog.pg_constraint.contypid AS contypid, array_agg(pg_catalog.pg_get_constraintdef(pg_catalog.pg_constraint.oid, %(pg_get_constraintdef_1)s)) AS condefs, array_agg(CAST(pg_catalog.pg_constraint.conname AS TEXT)) AS connames 
FROM pg_catalog.pg_constraint 
WHERE pg_catalog.pg_constraint.contypid != %(contypid_1)s GROUP BY pg_catalog.pg_constraint.contypid) AS domain_constraints ON pg_catalog.pg_type.oid = domain_constraints.contypid 
WHERE pg_catalog.pg_type.typtype = %(typtype_1)s ORDER BY pg_catalog.pg_namespace.nspname, pg_catalog.pg_type.typname
2026-04-20 20:46:23,970 // [generated in 0.00049s] {'pg_get_constraintdef_1': True, 'contypid_1': 0, 'typtype_1': 'd'}
2026-04-20 20:46:24,042 // SELECT pg_catalog.pg_type.typname AS name, pg_catalog.pg_type_is_visible(pg_catalog.pg_type.oid) AS visible, pg_catalog.pg_namespace.nspname AS schema, lbl_agg.labels AS labels 
FROM pg_catalog.pg_type JOIN pg_catalog.pg_namespace ON pg_catalog.pg_namespace.oid = pg_catalog.pg_type.typnamespace LEFT OUTER JOIN (SELECT pg_catalog.pg_enum.enumtypid AS enumtypid, array_agg(CAST(pg_catalog.pg_enum.enumlabel AS TEXT) ORDER BY pg_catalog.pg_enum.enumsortorder) AS labels 
FROM pg_catalog.pg_enum GROUP BY pg_catalog.pg_enum.enumtypid) AS lbl_agg ON pg_catalog.pg_type.oid = lbl_agg.enumtypid 
WHERE pg_catalog.pg_type.typtype = %(typtype_1)s ORDER BY pg_catalog.pg_namespace.nspname, pg_catalog.pg_type.typname
2026-04-20 20:46:24,043 // [generated in 0.00033s] {'typtype_1': 'e'}
2026-04-20 20:46:24,116 // SELECT pg_catalog.pg_class.oid, pg_catalog.pg_class.relname 
FROM pg_catalog.pg_class JOIN pg_catalog.pg_namespace ON pg_catalog.pg_namespace.oid = pg_catalog.pg_class.relnamespace 
WHERE pg_catalog.pg_class.relkind = ANY (ARRAY[%(param_1)s, %(param_2)s, %(param_3)s]) AND pg_catalog.pg_table_is_visible(pg_catalog.pg_class.oid) AND pg_catalog.pg_namespace.nspname != %(nspname_1)s AND pg_catalog.pg_class.relname IN (%(filter_names_1)s, %(filter_names_2)s, %(filter_names_3)s, %(filter_names_4)s, %(filter_names_5)s, %(filter_names_6)s)
2026-04-20 20:46:24,117 // [generated in 0.00032s] {'param_1': 'r', 'param_2': 'p', 'param_3': 'f', 'nspname_1': 'pg_catalog', 'filter_names_1': 'test_table', 'filter_names_2': 'allBids', 'filter_names_3': 'portfolio', 'filter_names_4': 'moneyLimits', 'filter_names_5': 'depoLimit', 'filter_names_6': 'instruments'}
2026-04-20 20:46:24,187 // SELECT attr.conrelid, array_agg(CAST(attr.attname AS TEXT) ORDER BY attr.ord) AS cols, attr.conname, min(attr.description) AS description, min(attr.indnkeyatts) AS indnkeyatts, bool_and(attr.indnullsnotdistinct) AS indnullsnotdistinct 
FROM (SELECT con.conrelid AS conrelid, con.conname AS conname, con.description AS description, con.ord AS ord, con.indnkeyatts AS indnkeyatts, con.indnullsnotdistinct AS indnullsnotdistinct, pg_catalog.pg_attribute.attname AS attname 
FROM pg_catalog.pg_attribute JOIN (SELECT pg_catalog.pg_constraint.conrelid AS conrelid, pg_catalog.pg_constraint.conname AS conname, unnest(pg_catalog.pg_index.indkey) AS attnum, generate_subscripts(pg_catalog.pg_index.indkey, %(generate_subscripts_1)s) AS ord, pg_catalog.pg_index.indnkeyatts AS indnkeyatts, pg_catalog.pg_index.indnullsnotdistinct AS indnullsnotdistinct, pg_catalog.pg_description.description AS description 
FROM pg_catalog.pg_constraint JOIN pg_catalog.pg_index ON pg_catalog.pg_constraint.conindid = pg_catalog.pg_index.indexrelid LEFT OUTER JOIN pg_catalog.pg_description ON pg_catalog.pg_description.objoid = pg_catalog.pg_constraint.oid 
WHERE pg_catalog.pg_constraint.contype = %(contype)s AND pg_catalog.pg_constraint.conrelid IN (%(oids_1)s, %(oids_2)s, %(oids_3)s, %(oids_4)s, %(oids_5)s, %(oids_6)s)) AS con ON pg_catalog.pg_attribute.attnum = con.attnum AND pg_catalog.pg_attribute.attrelid = con.conrelid 
WHERE con.conrelid IN (%(oids_1)s, %(oids_2)s, %(oids_3)s, %(oids_4)s, %(oids_5)s, %(oids_6)s)) AS attr GROUP BY attr.conrelid, attr.conname ORDER BY attr.conrelid, attr.conname
2026-04-20 20:46:24,187 // [generated in 0.00045s] {'generate_subscripts_1': 1, 'contype': 'p', 'oids_1': 16391, 'oids_2': 16802, 'oids_3': 16437, 'oids_4': 16529, 'oids_5': 16539, 'oids_6': 16668}
2026-04-20 20:46:24,262 // SELECT pg_catalog.pg_class.relname, pg_catalog.pg_constraint.conname, CASE WHEN (pg_catalog.pg_constraint.oid IS NOT NULL) THEN pg_catalog.pg_get_constraintdef(pg_catalog.pg_constraint.oid, %(pg_get_constraintdef_1)s) END AS anon_1, nsp_ref.nspname, pg_catalog.pg_description.description 
FROM pg_catalog.pg_class LEFT OUTER JOIN pg_catalog.pg_constraint ON pg_catalog.pg_class.oid = pg_catalog.pg_constraint.conrelid AND pg_catalog.pg_constraint.contype = %(contype_1)s LEFT OUTER JOIN pg_catalog.pg_class AS cls_ref ON cls_ref.oid = pg_catalog.pg_constraint.confrelid LEFT OUTER JOIN pg_catalog.pg_namespace AS nsp_ref ON cls_ref.relnamespace = nsp_ref.oid LEFT OUTER JOIN pg_catalog.pg_description ON pg_catalog.pg_description.objoid = pg_catalog.pg_constraint.oid JOIN pg_catalog.pg_namespace ON pg_catalog.pg_namespace.oid = pg_catalog.pg_class.relnamespace 
WHERE pg_catalog.pg_class.relkind = ANY (ARRAY[%(param_1)s, %(param_2)s, %(param_3)s]) AND pg_catalog.pg_table_is_visible(pg_catalog.pg_class.oid) AND pg_catalog.pg_namespace.nspname != %(nspname_1)s AND pg_catalog.pg_class.relname IN (%(filter_names_1)s, %(filter_names_2)s, %(filter_names_3)s, %(filter_names_4)s, %(filter_names_5)s, %(filter_names_6)s) ORDER BY pg_catalog.pg_class.relname, pg_catalog.pg_constraint.conname
2026-04-20 20:46:24,262 // [generated in 0.00051s] {'pg_get_constraintdef_1': True, 'contype_1': 'f', 'param_1': 'r', 'param_2': 'p', 'param_3': 'f', 'nspname_1': 'pg_catalog', 'filter_names_1': 'test_table', 'filter_names_2': 'allBids', 'filter_names_3': 'portfolio', 'filter_names_4': 'moneyLimits', 'filter_names_5': 'depoLimit', 'filter_names_6': 'instruments'}
2026-04-20 20:46:24,337 // SELECT pg_catalog.pg_index.indrelid, pg_catalog.pg_class.relname, pg_catalog.pg_index.indisunique, pg_catalog.pg_constraint.conrelid IS NOT NULL AS has_constraint, pg_catalog.pg_index.indoption, pg_catalog.pg_class.reloptions, pg_catalog.pg_am.amname, CASE WHEN (pg_catalog.pg_index.indpred IS NOT NULL) THEN pg_catalog.pg_get_expr(pg_catalog.pg_index.indpred, pg_catalog.pg_index.indrelid) END AS filter_definition, pg_catalog.pg_index.indnkeyatts, pg_catalog.pg_index.indnullsnotdistinct, idx_cols.elements, idx_cols.elements_is_expr, idx_cols.elements_opclass, idx_cols.elements_opdefault 
FROM pg_catalog.pg_index JOIN pg_catalog.pg_class ON pg_catalog.pg_index.indexrelid = pg_catalog.pg_class.oid JOIN pg_catalog.pg_am ON pg_catalog.pg_class.relam = pg_catalog.pg_am.oid LEFT OUTER JOIN (SELECT idx_attr.indexrelid AS indexrelid, min(idx_attr.indrelid) AS min_1, array_agg(idx_attr.element ORDER BY idx_attr.ord) AS elements, array_agg(idx_attr.is_expr ORDER BY idx_attr.ord) AS elements_is_expr, array_agg(idx_attr.opcname ORDER BY idx_attr.ord) AS elements_opclass, array_agg(idx_attr.opcdefault ORDER BY idx_attr.ord) AS elements_opdefault 
FROM (SELECT idx.indexrelid AS indexrelid, idx.indrelid AS indrelid, idx.ord AS ord, CASE WHEN (idx.attnum = %(attnum_1)s) THEN pg_catalog.pg_get_indexdef(idx.indexrelid, idx.ord + %(ord_1)s, %(pg_get_indexdef_1)s) ELSE CAST(pg_catalog.pg_attribute.attname AS TEXT) END AS element, idx.attnum = %(attnum_2)s AS is_expr, pg_catalog.pg_opclass.opcname AS opcname, pg_catalog.pg_opclass.opcdefault AS opcdefault 
FROM (SELECT pg_catalog.pg_index.indexrelid AS indexrelid, pg_catalog.pg_index.indrelid AS indrelid, unnest(pg_catalog.pg_index.indkey) AS attnum, unnest(pg_catalog.pg_index.indclass) AS att_opclass, generate_subscripts(pg_catalog.pg_index.indkey, %(generate_subscripts_1)s) AS ord 
FROM pg_catalog.pg_index 
WHERE NOT pg_catalog.pg_index.indisprimary AND pg_catalog.pg_index.indrelid IN (%(oids_1)s, %(oids_2)s, %(oids_3)s, %(oids_4)s, %(oids_5)s, %(oids_6)s)) AS idx LEFT OUTER JOIN pg_catalog.pg_attribute ON pg_catalog.pg_attribute.attnum = idx.attnum AND pg_catalog.pg_attribute.attrelid = idx.indrelid LEFT OUTER JOIN pg_catalog.pg_opclass ON pg_catalog.pg_opclass.oid = idx.att_opclass 
WHERE idx.indrelid IN (%(oids_1)s, %(oids_2)s, %(oids_3)s, %(oids_4)s, %(oids_5)s, %(oids_6)s)) AS idx_attr GROUP BY idx_attr.indexrelid) AS idx_cols ON pg_catalog.pg_index.indexrelid = idx_cols.indexrelid LEFT OUTER JOIN pg_catalog.pg_constraint ON pg_catalog.pg_index.indrelid = pg_catalog.pg_constraint.conrelid AND pg_catalog.pg_index.indexrelid = pg_catalog.pg_constraint.conindid AND pg_catalog.pg_constraint.contype = ANY (ARRAY[%(param_1)s, %(param_2)s, %(param_3)s]) 
WHERE pg_catalog.pg_index.indrelid IN (%(oids_1)s, %(oids_2)s, %(oids_3)s, %(oids_4)s, %(oids_5)s, %(oids_6)s) AND NOT pg_catalog.pg_index.indisprimary ORDER BY pg_catalog.pg_index.indrelid, pg_catalog.pg_class.relname
2026-04-20 20:46:24,337 // [generated in 0.00053s] {'attnum_1': 0, 'ord_1': 1, 'pg_get_indexdef_1': True, 'attnum_2': 0, 'generate_subscripts_1': 1, 'param_1': 'p', 'param_2': 'u', 'param_3': 'x', 'oids_1': 16391, 'oids_2': 16802, 'oids_3': 16437, 'oids_4': 16529, 'oids_5': 16539, 'oids_6': 16668}
2026-04-20 20:46:24,413 // SELECT attr.conrelid, array_agg(CAST(attr.attname AS TEXT) ORDER BY attr.ord) AS cols, attr.conname, min(attr.description) AS description, min(attr.indnkeyatts) AS indnkeyatts, bool_and(attr.indnullsnotdistinct) AS indnullsnotdistinct 
FROM (SELECT con.conrelid AS conrelid, con.conname AS conname, con.description AS description, con.ord AS ord, con.indnkeyatts AS indnkeyatts, con.indnullsnotdistinct AS indnullsnotdistinct, pg_catalog.pg_attribute.attname AS attname 
FROM pg_catalog.pg_attribute JOIN (SELECT pg_catalog.pg_constraint.conrelid AS conrelid, pg_catalog.pg_constraint.conname AS conname, unnest(pg_catalog.pg_index.indkey) AS attnum, generate_subscripts(pg_catalog.pg_index.indkey, %(generate_subscripts_1)s) AS ord, pg_catalog.pg_index.indnkeyatts AS indnkeyatts, pg_catalog.pg_index.indnullsnotdistinct AS indnullsnotdistinct, pg_catalog.pg_description.description AS description 
FROM pg_catalog.pg_constraint JOIN pg_catalog.pg_index ON pg_catalog.pg_constraint.conindid = pg_catalog.pg_index.indexrelid LEFT OUTER JOIN pg_catalog.pg_description ON pg_catalog.pg_description.objoid = pg_catalog.pg_constraint.oid 
WHERE pg_catalog.pg_constraint.contype = %(contype)s AND pg_catalog.pg_constraint.conrelid IN (%(oids_1)s, %(oids_2)s, %(oids_3)s, %(oids_4)s, %(oids_5)s, %(oids_6)s)) AS con ON pg_catalog.pg_attribute.attnum = con.attnum AND pg_catalog.pg_attribute.attrelid = con.conrelid 
WHERE con.conrelid IN (%(oids_1)s, %(oids_2)s, %(oids_3)s, %(oids_4)s, %(oids_5)s, %(oids_6)s)) AS attr GROUP BY attr.conrelid, attr.conname ORDER BY attr.conrelid, attr.conname
2026-04-20 20:46:24,413 // [cached since 0.2262s ago] {'generate_subscripts_1': 1, 'contype': 'u', 'oids_1': 16391, 'oids_2': 16802, 'oids_3': 16437, 'oids_4': 16529, 'oids_5': 16539, 'oids_6': 16668}
2026-04-20 20:46:24,480 // SELECT pg_catalog.pg_class.relname, pg_catalog.pg_description.description 
FROM pg_catalog.pg_class LEFT OUTER JOIN pg_catalog.pg_description ON pg_catalog.pg_class.oid = pg_catalog.pg_description.objoid AND pg_catalog.pg_description.objsubid = %(objsubid_1)s AND pg_catalog.pg_description.classoid = CAST(%(param_1)s AS REGCLASS) JOIN pg_catalog.pg_namespace ON pg_catalog.pg_namespace.oid = pg_catalog.pg_class.relnamespace 
WHERE pg_catalog.pg_class.relkind = ANY (ARRAY[%(param_2)s, %(param_3)s, %(param_4)s]) AND pg_catalog.pg_table_is_visible(pg_catalog.pg_class.oid) AND pg_catalog.pg_namespace.nspname != %(nspname_1)s AND pg_catalog.pg_class.relname IN (%(filter_names_1)s, %(filter_names_2)s, %(filter_names_3)s, %(filter_names_4)s, %(filter_names_5)s, %(filter_names_6)s)
2026-04-20 20:46:24,480 // [generated in 0.00044s] {'objsubid_1': 0, 'param_1': 'pg_catalog.pg_class', 'param_2': 'r', 'param_3': 'p', 'param_4': 'f', 'nspname_1': 'pg_catalog', 'filter_names_1': 'test_table', 'filter_names_2': 'allBids', 'filter_names_3': 'portfolio', 'filter_names_4': 'moneyLimits', 'filter_names_5': 'depoLimit', 'filter_names_6': 'instruments'}
2026-04-20 20:46:24,818 // SELECT pg_catalog.pg_class.relname, pg_catalog.pg_constraint.conname, CASE WHEN (pg_catalog.pg_constraint.oid IS NOT NULL) THEN pg_catalog.pg_get_constraintdef(pg_catalog.pg_constraint.oid, %(pg_get_constraintdef_1)s) END AS anon_1, pg_catalog.pg_description.description 
FROM pg_catalog.pg_class LEFT OUTER JOIN pg_catalog.pg_constraint ON pg_catalog.pg_class.oid = pg_catalog.pg_constraint.conrelid AND pg_catalog.pg_constraint.contype = %(contype_1)s LEFT OUTER JOIN pg_catalog.pg_description ON pg_catalog.pg_description.objoid = pg_catalog.pg_constraint.oid JOIN pg_catalog.pg_namespace ON pg_catalog.pg_namespace.oid = pg_catalog.pg_class.relnamespace 
WHERE pg_catalog.pg_class.relkind = ANY (ARRAY[%(param_1)s, %(param_2)s, %(param_3)s]) AND pg_catalog.pg_table_is_visible(pg_catalog.pg_class.oid) AND pg_catalog.pg_namespace.nspname != %(nspname_1)s AND pg_catalog.pg_class.relname IN (%(filter_names_1)s, %(filter_names_2)s, %(filter_names_3)s, %(filter_names_4)s, %(filter_names_5)s, %(filter_names_6)s) ORDER BY pg_catalog.pg_class.relname, pg_catalog.pg_constraint.conname
2026-04-20 20:46:24,818 // [generated in 0.00044s] {'pg_get_constraintdef_1': True, 'contype_1': 'c', 'param_1': 'r', 'param_2': 'p', 'param_3': 'f', 'nspname_1': 'pg_catalog', 'filter_names_1': 'test_table', 'filter_names_2': 'allBids', 'filter_names_3': 'portfolio', 'filter_names_4': 'moneyLimits', 'filter_names_5': 'depoLimit', 'filter_names_6': 'instruments'}
2026-04-20 20:46:25,164 // SELECT pg_catalog.pg_class.relname 
FROM pg_catalog.pg_class JOIN pg_catalog.pg_namespace ON pg_catalog.pg_namespace.oid = pg_catalog.pg_class.relnamespace 
WHERE pg_catalog.pg_class.relkind = ANY (ARRAY[%(param_1)s, %(param_2)s]) AND pg_catalog.pg_class.relpersistence = %(relpersistence_1)s AND pg_catalog.pg_table_is_visible(pg_catalog.pg_class.oid) AND pg_catalog.pg_namespace.nspname != %(nspname_1)s
2026-04-20 20:46:25,164 // [generated in 0.00044s] {'param_1': 'r', 'param_2': 'p', 'relpersistence_1': 't', 'nspname_1': 'pg_catalog'}
2026-04-20 20:46:25,233 // ROLLBACK
2026-04-20 20:46:37,831 // SCRIPT HAS BEEN STARTED
2026-04-20 20:46:39,601 // select pg_catalog.version()
2026-04-20 20:46:39,601 // [raw sql] {}
2026-04-20 20:46:39,738 // select current_schema()
2026-04-20 20:46:39,738 // [raw sql] {}
2026-04-20 20:46:39,876 // show standard_conforming_strings
2026-04-20 20:46:39,876 // [raw sql] {}
2026-04-20 20:46:40,022 // BEGIN (implicit)
2026-04-20 20:46:40,023 // COMMIT
2026-04-20 20:46:40,025 // BEGIN (implicit)
2026-04-20 20:46:40,025 // SELECT pg_catalog.pg_class.relname 
FROM pg_catalog.pg_class JOIN pg_catalog.pg_namespace ON pg_catalog.pg_namespace.oid = pg_catalog.pg_class.relnamespace 
WHERE pg_catalog.pg_class.relkind = ANY (ARRAY[%(param_1)s, %(param_2)s]) AND pg_catalog.pg_class.relpersistence != %(relpersistence_1)s AND pg_catalog.pg_table_is_visible(pg_catalog.pg_class.oid) AND pg_catalog.pg_namespace.nspname != %(nspname_1)s
2026-04-20 20:46:40,026 // [generated in 0.00039s] {'param_1': 'r', 'param_2': 'p', 'relpersistence_1': 't', 'nspname_1': 'pg_catalog'}
2026-04-20 20:46:40,177 // SELECT pg_catalog.pg_attribute.attname AS name, pg_catalog.format_type(pg_catalog.pg_attribute.atttypid, pg_catalog.pg_attribute.atttypmod) AS format_type, (SELECT pg_catalog.pg_get_expr(pg_catalog.pg_attrdef.adbin, pg_catalog.pg_attrdef.adrelid) AS pg_get_expr_1 
FROM pg_catalog.pg_attrdef 
WHERE pg_catalog.pg_attrdef.adrelid = pg_catalog.pg_attribute.attrelid AND pg_catalog.pg_attrdef.adnum = pg_catalog.pg_attribute.attnum AND pg_catalog.pg_attribute.atthasdef) AS "default", pg_catalog.pg_attribute.attnotnull AS not_null, pg_catalog.pg_class.relname AS table_name, pg_catalog.pg_description.description AS comment, pg_catalog.pg_attribute.attgenerated AS generated, (SELECT json_build_object(%(json_build_object_2)s, pg_catalog.pg_attribute.attidentity = %(attidentity_1)s, %(json_build_object_3)s, pg_catalog.pg_sequence.seqstart, %(json_build_object_4)s, pg_catalog.pg_sequence.seqincrement, %(json_build_object_5)s, pg_catalog.pg_sequence.seqmin, %(json_build_object_6)s, pg_catalog.pg_sequence.seqmax, %(json_build_object_7)s, pg_catalog.pg_sequence.seqcache, %(json_build_object_8)s, pg_catalog.pg_sequence.seqcycle) AS json_build_object_1 
FROM pg_catalog.pg_sequence 
WHERE pg_catalog.pg_attribute.attidentity != %(attidentity_2)s AND pg_catalog.pg_sequence.seqrelid = CAST(CAST(pg_catalog.pg_get_serial_sequence(CAST(CAST(pg_catalog.pg_attribute.attrelid AS REGCLASS) AS TEXT), pg_catalog.pg_attribute.attname) AS REGCLASS) AS OID)) AS identity_options, CASE WHEN (pg_catalog.pg_attribute.attcollation != %(attcollation_1)s AND (SELECT pg_catalog.pg_type.typcollation 
FROM pg_catalog.pg_type 
WHERE pg_catalog.pg_type.oid = pg_catalog.pg_attribute.atttypid) != pg_catalog.pg_attribute.attcollation) THEN (SELECT pg_catalog.pg_collation.collname 
FROM pg_catalog.pg_collation 
WHERE pg_catalog.pg_collation.oid = pg_catalog.pg_attribute.attcollation) ELSE NULL END AS collation 
FROM pg_catalog.pg_class LEFT OUTER JOIN pg_catalog.pg_attribute ON pg_catalog.pg_class.oid = pg_catalog.pg_attribute.attrelid AND pg_catalog.pg_attribute.attnum > %(attnum_1)s AND NOT pg_catalog.pg_attribute.attisdropped LEFT OUTER JOIN pg_catalog.pg_description ON pg_catalog.pg_description.objoid = pg_catalog.pg_attribute.attrelid AND pg_catalog.pg_description.objsubid = pg_catalog.pg_attribute.attnum JOIN pg_catalog.pg_namespace ON pg_catalog.pg_namespace.oid = pg_catalog.pg_class.relnamespace 
WHERE pg_catalog.pg_class.relkind = ANY (ARRAY[%(param_1)s, %(param_2)s, %(param_3)s]) AND pg_catalog.pg_table_is_visible(pg_catalog.pg_class.oid) AND pg_catalog.pg_namespace.nspname != %(nspname_1)s AND pg_catalog.pg_class.relname IN (%(filter_names_1)s, %(filter_names_2)s, %(filter_names_3)s, %(filter_names_4)s, %(filter_names_5)s, %(filter_names_6)s) ORDER BY pg_catalog.pg_class.relname, pg_catalog.pg_attribute.attnum
2026-04-20 20:46:40,178 // [generated in 0.00055s] {'json_build_object_2': 'always', 'attidentity_1': 'a', 'json_build_object_3': 'start', 'json_build_object_4': 'increment', 'json_build_object_5': 'minvalue', 'json_build_object_6': 'maxvalue', 'json_build_object_7': 'cache', 'json_build_object_8': 'cycle', 'attidentity_2': '', 'attcollation_1': 0, 'attnum_1': 0, 'param_1': 'r', 'param_2': 'p', 'param_3': 'f', 'nspname_1': 'pg_catalog', 'filter_names_1': 'test_table', 'filter_names_2': 'allBids', 'filter_names_3': 'portfolio', 'filter_names_4': 'moneyLimits', 'filter_names_5': 'depoLimit', 'filter_names_6': 'instruments'}
2026-04-20 20:46:40,327 // SELECT pg_catalog.pg_type.typname AS name, pg_catalog.format_type(pg_catalog.pg_type.typbasetype, pg_catalog.pg_type.typtypmod) AS attype, NOT pg_catalog.pg_type.typnotnull AS nullable, pg_catalog.pg_type.typdefault AS "default", pg_catalog.pg_type_is_visible(pg_catalog.pg_type.oid) AS visible, pg_catalog.pg_namespace.nspname AS schema, domain_constraints.condefs, domain_constraints.connames, pg_catalog.pg_collation.collname 
FROM pg_catalog.pg_type JOIN pg_catalog.pg_namespace ON pg_catalog.pg_namespace.oid = pg_catalog.pg_type.typnamespace LEFT OUTER JOIN pg_catalog.pg_collation ON pg_catalog.pg_type.typcollation = pg_catalog.pg_collation.oid LEFT OUTER JOIN (SELECT pg_catalog.pg_constraint.contypid AS contypid, array_agg(pg_catalog.pg_get_constraintdef(pg_catalog.pg_constraint.oid, %(pg_get_constraintdef_1)s)) AS condefs, array_agg(CAST(pg_catalog.pg_constraint.conname AS TEXT)) AS connames 
FROM pg_catalog.pg_constraint 
WHERE pg_catalog.pg_constraint.contypid != %(contypid_1)s GROUP BY pg_catalog.pg_constraint.contypid) AS domain_constraints ON pg_catalog.pg_type.oid = domain_constraints.contypid 
WHERE pg_catalog.pg_type.typtype = %(typtype_1)s ORDER BY pg_catalog.pg_namespace.nspname, pg_catalog.pg_type.typname
2026-04-20 20:46:40,327 // [generated in 0.00040s] {'pg_get_constraintdef_1': True, 'contypid_1': 0, 'typtype_1': 'd'}
2026-04-20 20:46:40,397 // SELECT pg_catalog.pg_type.typname AS name, pg_catalog.pg_type_is_visible(pg_catalog.pg_type.oid) AS visible, pg_catalog.pg_namespace.nspname AS schema, lbl_agg.labels AS labels 
FROM pg_catalog.pg_type JOIN pg_catalog.pg_namespace ON pg_catalog.pg_namespace.oid = pg_catalog.pg_type.typnamespace LEFT OUTER JOIN (SELECT pg_catalog.pg_enum.enumtypid AS enumtypid, array_agg(CAST(pg_catalog.pg_enum.enumlabel AS TEXT) ORDER BY pg_catalog.pg_enum.enumsortorder) AS labels 
FROM pg_catalog.pg_enum GROUP BY pg_catalog.pg_enum.enumtypid) AS lbl_agg ON pg_catalog.pg_type.oid = lbl_agg.enumtypid 
WHERE pg_catalog.pg_type.typtype = %(typtype_1)s ORDER BY pg_catalog.pg_namespace.nspname, pg_catalog.pg_type.typname
2026-04-20 20:46:40,397 // [generated in 0.00037s] {'typtype_1': 'e'}
2026-04-20 20:46:40,466 // SELECT pg_catalog.pg_class.oid, pg_catalog.pg_class.relname 
FROM pg_catalog.pg_class JOIN pg_catalog.pg_namespace ON pg_catalog.pg_namespace.oid = pg_catalog.pg_class.relnamespace 
WHERE pg_catalog.pg_class.relkind = ANY (ARRAY[%(param_1)s, %(param_2)s, %(param_3)s]) AND pg_catalog.pg_table_is_visible(pg_catalog.pg_class.oid) AND pg_catalog.pg_namespace.nspname != %(nspname_1)s AND pg_catalog.pg_class.relname IN (%(filter_names_1)s, %(filter_names_2)s, %(filter_names_3)s, %(filter_names_4)s, %(filter_names_5)s, %(filter_names_6)s)
2026-04-20 20:46:40,466 // [generated in 0.00036s] {'param_1': 'r', 'param_2': 'p', 'param_3': 'f', 'nspname_1': 'pg_catalog', 'filter_names_1': 'test_table', 'filter_names_2': 'allBids', 'filter_names_3': 'portfolio', 'filter_names_4': 'moneyLimits', 'filter_names_5': 'depoLimit', 'filter_names_6': 'instruments'}
2026-04-20 20:46:40,536 // SELECT attr.conrelid, array_agg(CAST(attr.attname AS TEXT) ORDER BY attr.ord) AS cols, attr.conname, min(attr.description) AS description, min(attr.indnkeyatts) AS indnkeyatts, bool_and(attr.indnullsnotdistinct) AS indnullsnotdistinct 
FROM (SELECT con.conrelid AS conrelid, con.conname AS conname, con.description AS description, con.ord AS ord, con.indnkeyatts AS indnkeyatts, con.indnullsnotdistinct AS indnullsnotdistinct, pg_catalog.pg_attribute.attname AS attname 
FROM pg_catalog.pg_attribute JOIN (SELECT pg_catalog.pg_constraint.conrelid AS conrelid, pg_catalog.pg_constraint.conname AS conname, unnest(pg_catalog.pg_index.indkey) AS attnum, generate_subscripts(pg_catalog.pg_index.indkey, %(generate_subscripts_1)s) AS ord, pg_catalog.pg_index.indnkeyatts AS indnkeyatts, pg_catalog.pg_index.indnullsnotdistinct AS indnullsnotdistinct, pg_catalog.pg_description.description AS description 
FROM pg_catalog.pg_constraint JOIN pg_catalog.pg_index ON pg_catalog.pg_constraint.conindid = pg_catalog.pg_index.indexrelid LEFT OUTER JOIN pg_catalog.pg_description ON pg_catalog.pg_description.objoid = pg_catalog.pg_constraint.oid 
WHERE pg_catalog.pg_constraint.contype = %(contype)s AND pg_catalog.pg_constraint.conrelid IN (%(oids_1)s, %(oids_2)s, %(oids_3)s, %(oids_4)s, %(oids_5)s, %(oids_6)s)) AS con ON pg_catalog.pg_attribute.attnum = con.attnum AND pg_catalog.pg_attribute.attrelid = con.conrelid 
WHERE con.conrelid IN (%(oids_1)s, %(oids_2)s, %(oids_3)s, %(oids_4)s, %(oids_5)s, %(oids_6)s)) AS attr GROUP BY attr.conrelid, attr.conname ORDER BY attr.conrelid, attr.conname
2026-04-20 20:46:40,537 // [generated in 0.00037s] {'generate_subscripts_1': 1, 'contype': 'p', 'oids_1': 16391, 'oids_2': 16802, 'oids_3': 16437, 'oids_4': 16529, 'oids_5': 16539, 'oids_6': 16668}
2026-04-20 20:46:40,607 // SELECT pg_catalog.pg_class.relname, pg_catalog.pg_constraint.conname, CASE WHEN (pg_catalog.pg_constraint.oid IS NOT NULL) THEN pg_catalog.pg_get_constraintdef(pg_catalog.pg_constraint.oid, %(pg_get_constraintdef_1)s) END AS anon_1, nsp_ref.nspname, pg_catalog.pg_description.description 
FROM pg_catalog.pg_class LEFT OUTER JOIN pg_catalog.pg_constraint ON pg_catalog.pg_class.oid = pg_catalog.pg_constraint.conrelid AND pg_catalog.pg_constraint.contype = %(contype_1)s LEFT OUTER JOIN pg_catalog.pg_class AS cls_ref ON cls_ref.oid = pg_catalog.pg_constraint.confrelid LEFT OUTER JOIN pg_catalog.pg_namespace AS nsp_ref ON cls_ref.relnamespace = nsp_ref.oid LEFT OUTER JOIN pg_catalog.pg_description ON pg_catalog.pg_description.objoid = pg_catalog.pg_constraint.oid JOIN pg_catalog.pg_namespace ON pg_catalog.pg_namespace.oid = pg_catalog.pg_class.relnamespace 
WHERE pg_catalog.pg_class.relkind = ANY (ARRAY[%(param_1)s, %(param_2)s, %(param_3)s]) AND pg_catalog.pg_table_is_visible(pg_catalog.pg_class.oid) AND pg_catalog.pg_namespace.nspname != %(nspname_1)s AND pg_catalog.pg_class.relname IN (%(filter_names_1)s, %(filter_names_2)s, %(filter_names_3)s, %(filter_names_4)s, %(filter_names_5)s, %(filter_names_6)s) ORDER BY pg_catalog.pg_class.relname, pg_catalog.pg_constraint.conname
2026-04-20 20:46:40,608 // [generated in 0.00036s] {'pg_get_constraintdef_1': True, 'contype_1': 'f', 'param_1': 'r', 'param_2': 'p', 'param_3': 'f', 'nspname_1': 'pg_catalog', 'filter_names_1': 'test_table', 'filter_names_2': 'allBids', 'filter_names_3': 'portfolio', 'filter_names_4': 'moneyLimits', 'filter_names_5': 'depoLimit', 'filter_names_6': 'instruments'}
2026-04-20 20:46:40,677 // SELECT pg_catalog.pg_index.indrelid, pg_catalog.pg_class.relname, pg_catalog.pg_index.indisunique, pg_catalog.pg_constraint.conrelid IS NOT NULL AS has_constraint, pg_catalog.pg_index.indoption, pg_catalog.pg_class.reloptions, pg_catalog.pg_am.amname, CASE WHEN (pg_catalog.pg_index.indpred IS NOT NULL) THEN pg_catalog.pg_get_expr(pg_catalog.pg_index.indpred, pg_catalog.pg_index.indrelid) END AS filter_definition, pg_catalog.pg_index.indnkeyatts, pg_catalog.pg_index.indnullsnotdistinct, idx_cols.elements, idx_cols.elements_is_expr, idx_cols.elements_opclass, idx_cols.elements_opdefault 
FROM pg_catalog.pg_index JOIN pg_catalog.pg_class ON pg_catalog.pg_index.indexrelid = pg_catalog.pg_class.oid JOIN pg_catalog.pg_am ON pg_catalog.pg_class.relam = pg_catalog.pg_am.oid LEFT OUTER JOIN (SELECT idx_attr.indexrelid AS indexrelid, min(idx_attr.indrelid) AS min_1, array_agg(idx_attr.element ORDER BY idx_attr.ord) AS elements, array_agg(idx_attr.is_expr ORDER BY idx_attr.ord) AS elements_is_expr, array_agg(idx_attr.opcname ORDER BY idx_attr.ord) AS elements_opclass, array_agg(idx_attr.opcdefault ORDER BY idx_attr.ord) AS elements_opdefault 
FROM (SELECT idx.indexrelid AS indexrelid, idx.indrelid AS indrelid, idx.ord AS ord, CASE WHEN (idx.attnum = %(attnum_1)s) THEN pg_catalog.pg_get_indexdef(idx.indexrelid, idx.ord + %(ord_1)s, %(pg_get_indexdef_1)s) ELSE CAST(pg_catalog.pg_attribute.attname AS TEXT) END AS element, idx.attnum = %(attnum_2)s AS is_expr, pg_catalog.pg_opclass.opcname AS opcname, pg_catalog.pg_opclass.opcdefault AS opcdefault 
FROM (SELECT pg_catalog.pg_index.indexrelid AS indexrelid, pg_catalog.pg_index.indrelid AS indrelid, unnest(pg_catalog.pg_index.indkey) AS attnum, unnest(pg_catalog.pg_index.indclass) AS att_opclass, generate_subscripts(pg_catalog.pg_index.indkey, %(generate_subscripts_1)s) AS ord 
FROM pg_catalog.pg_index 
WHERE NOT pg_catalog.pg_index.indisprimary AND pg_catalog.pg_index.indrelid IN (%(oids_1)s, %(oids_2)s, %(oids_3)s, %(oids_4)s, %(oids_5)s, %(oids_6)s)) AS idx LEFT OUTER JOIN pg_catalog.pg_attribute ON pg_catalog.pg_attribute.attnum = idx.attnum AND pg_catalog.pg_attribute.attrelid = idx.indrelid LEFT OUTER JOIN pg_catalog.pg_opclass ON pg_catalog.pg_opclass.oid = idx.att_opclass 
WHERE idx.indrelid IN (%(oids_1)s, %(oids_2)s, %(oids_3)s, %(oids_4)s, %(oids_5)s, %(oids_6)s)) AS idx_attr GROUP BY idx_attr.indexrelid) AS idx_cols ON pg_catalog.pg_index.indexrelid = idx_cols.indexrelid LEFT OUTER JOIN pg_catalog.pg_constraint ON pg_catalog.pg_index.indrelid = pg_catalog.pg_constraint.conrelid AND pg_catalog.pg_index.indexrelid = pg_catalog.pg_constraint.conindid AND pg_catalog.pg_constraint.contype = ANY (ARRAY[%(param_1)s, %(param_2)s, %(param_3)s]) 
WHERE pg_catalog.pg_index.indrelid IN (%(oids_1)s, %(oids_2)s, %(oids_3)s, %(oids_4)s, %(oids_5)s, %(oids_6)s) AND NOT pg_catalog.pg_index.indisprimary ORDER BY pg_catalog.pg_index.indrelid, pg_catalog.pg_class.relname
2026-04-20 20:46:40,679 // [generated in 0.00213s] {'attnum_1': 0, 'ord_1': 1, 'pg_get_indexdef_1': True, 'attnum_2': 0, 'generate_subscripts_1': 1, 'param_1': 'p', 'param_2': 'u', 'param_3': 'x', 'oids_1': 16391, 'oids_2': 16802, 'oids_3': 16437, 'oids_4': 16529, 'oids_5': 16539, 'oids_6': 16668}
2026-04-20 20:46:40,752 // SELECT attr.conrelid, array_agg(CAST(attr.attname AS TEXT) ORDER BY attr.ord) AS cols, attr.conname, min(attr.description) AS description, min(attr.indnkeyatts) AS indnkeyatts, bool_and(attr.indnullsnotdistinct) AS indnullsnotdistinct 
FROM (SELECT con.conrelid AS conrelid, con.conname AS conname, con.description AS description, con.ord AS ord, con.indnkeyatts AS indnkeyatts, con.indnullsnotdistinct AS indnullsnotdistinct, pg_catalog.pg_attribute.attname AS attname 
FROM pg_catalog.pg_attribute JOIN (SELECT pg_catalog.pg_constraint.conrelid AS conrelid, pg_catalog.pg_constraint.conname AS conname, unnest(pg_catalog.pg_index.indkey) AS attnum, generate_subscripts(pg_catalog.pg_index.indkey, %(generate_subscripts_1)s) AS ord, pg_catalog.pg_index.indnkeyatts AS indnkeyatts, pg_catalog.pg_index.indnullsnotdistinct AS indnullsnotdistinct, pg_catalog.pg_description.description AS description 
FROM pg_catalog.pg_constraint JOIN pg_catalog.pg_index ON pg_catalog.pg_constraint.conindid = pg_catalog.pg_index.indexrelid LEFT OUTER JOIN pg_catalog.pg_description ON pg_catalog.pg_description.objoid = pg_catalog.pg_constraint.oid 
WHERE pg_catalog.pg_constraint.contype = %(contype)s AND pg_catalog.pg_constraint.conrelid IN (%(oids_1)s, %(oids_2)s, %(oids_3)s, %(oids_4)s, %(oids_5)s, %(oids_6)s)) AS con ON pg_catalog.pg_attribute.attnum = con.attnum AND pg_catalog.pg_attribute.attrelid = con.conrelid 
WHERE con.conrelid IN (%(oids_1)s, %(oids_2)s, %(oids_3)s, %(oids_4)s, %(oids_5)s, %(oids_6)s)) AS attr GROUP BY attr.conrelid, attr.conname ORDER BY attr.conrelid, attr.conname
2026-04-20 20:46:40,752 // [cached since 0.216s ago] {'generate_subscripts_1': 1, 'contype': 'u', 'oids_1': 16391, 'oids_2': 16802, 'oids_3': 16437, 'oids_4': 16529, 'oids_5': 16539, 'oids_6': 16668}
2026-04-20 20:46:40,820 // SELECT pg_catalog.pg_class.relname, pg_catalog.pg_description.description 
FROM pg_catalog.pg_class LEFT OUTER JOIN pg_catalog.pg_description ON pg_catalog.pg_class.oid = pg_catalog.pg_description.objoid AND pg_catalog.pg_description.objsubid = %(objsubid_1)s AND pg_catalog.pg_description.classoid = CAST(%(param_1)s AS REGCLASS) JOIN pg_catalog.pg_namespace ON pg_catalog.pg_namespace.oid = pg_catalog.pg_class.relnamespace 
WHERE pg_catalog.pg_class.relkind = ANY (ARRAY[%(param_2)s, %(param_3)s, %(param_4)s]) AND pg_catalog.pg_table_is_visible(pg_catalog.pg_class.oid) AND pg_catalog.pg_namespace.nspname != %(nspname_1)s AND pg_catalog.pg_class.relname IN (%(filter_names_1)s, %(filter_names_2)s, %(filter_names_3)s, %(filter_names_4)s, %(filter_names_5)s, %(filter_names_6)s)
2026-04-20 20:46:40,821 // [generated in 0.00037s] {'objsubid_1': 0, 'param_1': 'pg_catalog.pg_class', 'param_2': 'r', 'param_3': 'p', 'param_4': 'f', 'nspname_1': 'pg_catalog', 'filter_names_1': 'test_table', 'filter_names_2': 'allBids', 'filter_names_3': 'portfolio', 'filter_names_4': 'moneyLimits', 'filter_names_5': 'depoLimit', 'filter_names_6': 'instruments'}
2026-04-20 20:46:40,891 // SELECT pg_catalog.pg_class.relname, pg_catalog.pg_constraint.conname, CASE WHEN (pg_catalog.pg_constraint.oid IS NOT NULL) THEN pg_catalog.pg_get_constraintdef(pg_catalog.pg_constraint.oid, %(pg_get_constraintdef_1)s) END AS anon_1, pg_catalog.pg_description.description 
FROM pg_catalog.pg_class LEFT OUTER JOIN pg_catalog.pg_constraint ON pg_catalog.pg_class.oid = pg_catalog.pg_constraint.conrelid AND pg_catalog.pg_constraint.contype = %(contype_1)s LEFT OUTER JOIN pg_catalog.pg_description ON pg_catalog.pg_description.objoid = pg_catalog.pg_constraint.oid JOIN pg_catalog.pg_namespace ON pg_catalog.pg_namespace.oid = pg_catalog.pg_class.relnamespace 
WHERE pg_catalog.pg_class.relkind = ANY (ARRAY[%(param_1)s, %(param_2)s, %(param_3)s]) AND pg_catalog.pg_table_is_visible(pg_catalog.pg_class.oid) AND pg_catalog.pg_namespace.nspname != %(nspname_1)s AND pg_catalog.pg_class.relname IN (%(filter_names_1)s, %(filter_names_2)s, %(filter_names_3)s, %(filter_names_4)s, %(filter_names_5)s, %(filter_names_6)s) ORDER BY pg_catalog.pg_class.relname, pg_catalog.pg_constraint.conname
2026-04-20 20:46:40,891 // [generated in 0.00034s] {'pg_get_constraintdef_1': True, 'contype_1': 'c', 'param_1': 'r', 'param_2': 'p', 'param_3': 'f', 'nspname_1': 'pg_catalog', 'filter_names_1': 'test_table', 'filter_names_2': 'allBids', 'filter_names_3': 'portfolio', 'filter_names_4': 'moneyLimits', 'filter_names_5': 'depoLimit', 'filter_names_6': 'instruments'}
2026-04-20 20:46:40,961 // SELECT pg_catalog.pg_class.relname 
FROM pg_catalog.pg_class JOIN pg_catalog.pg_namespace ON pg_catalog.pg_namespace.oid = pg_catalog.pg_class.relnamespace 
WHERE pg_catalog.pg_class.relkind = ANY (ARRAY[%(param_1)s, %(param_2)s]) AND pg_catalog.pg_class.relpersistence = %(relpersistence_1)s AND pg_catalog.pg_table_is_visible(pg_catalog.pg_class.oid) AND pg_catalog.pg_namespace.nspname != %(nspname_1)s
2026-04-20 20:46:40,961 // [generated in 0.00040s] {'param_1': 'r', 'param_2': 'p', 'relpersistence_1': 't', 'nspname_1': 'pg_catalog'}
2026-04-20 20:46:41,032 // ROLLBACK
2026-04-20 20:46:41,099 // Class portfolio has been initialized
2026-04-20 20:46:41,099 // Starting to get an authKey
2026-04-20 20:46:42,203 // Authorization successful!
2026-04-20 20:46:42,203 // Starting getLimits func
2026-04-20 20:48:41,205 // SCRIPT HAS BEEN STARTED
2026-04-20 20:48:42,778 // select pg_catalog.version()
2026-04-20 20:48:42,778 // [raw sql] {}
2026-04-20 20:48:42,874 // select current_schema()
2026-04-20 20:48:42,874 // [raw sql] {}
2026-04-20 20:48:42,972 // show standard_conforming_strings
2026-04-20 20:48:42,972 // [raw sql] {}
2026-04-20 20:48:43,071 // BEGIN (implicit)
2026-04-20 20:48:43,072 // COMMIT
2026-04-20 20:48:43,076 // BEGIN (implicit)
2026-04-20 20:48:43,076 // SELECT pg_catalog.pg_class.relname 
FROM pg_catalog.pg_class JOIN pg_catalog.pg_namespace ON pg_catalog.pg_namespace.oid = pg_catalog.pg_class.relnamespace 
WHERE pg_catalog.pg_class.relkind = ANY (ARRAY[%(param_1)s, %(param_2)s]) AND pg_catalog.pg_class.relpersistence != %(relpersistence_1)s AND pg_catalog.pg_table_is_visible(pg_catalog.pg_class.oid) AND pg_catalog.pg_namespace.nspname != %(nspname_1)s
2026-04-20 20:48:43,076 // [generated in 0.00062s] {'param_1': 'r', 'param_2': 'p', 'relpersistence_1': 't', 'nspname_1': 'pg_catalog'}
2026-04-20 20:48:43,181 // SELECT pg_catalog.pg_attribute.attname AS name, pg_catalog.format_type(pg_catalog.pg_attribute.atttypid, pg_catalog.pg_attribute.atttypmod) AS format_type, (SELECT pg_catalog.pg_get_expr(pg_catalog.pg_attrdef.adbin, pg_catalog.pg_attrdef.adrelid) AS pg_get_expr_1 
FROM pg_catalog.pg_attrdef 
WHERE pg_catalog.pg_attrdef.adrelid = pg_catalog.pg_attribute.attrelid AND pg_catalog.pg_attrdef.adnum = pg_catalog.pg_attribute.attnum AND pg_catalog.pg_attribute.atthasdef) AS "default", pg_catalog.pg_attribute.attnotnull AS not_null, pg_catalog.pg_class.relname AS table_name, pg_catalog.pg_description.description AS comment, pg_catalog.pg_attribute.attgenerated AS generated, (SELECT json_build_object(%(json_build_object_2)s, pg_catalog.pg_attribute.attidentity = %(attidentity_1)s, %(json_build_object_3)s, pg_catalog.pg_sequence.seqstart, %(json_build_object_4)s, pg_catalog.pg_sequence.seqincrement, %(json_build_object_5)s, pg_catalog.pg_sequence.seqmin, %(json_build_object_6)s, pg_catalog.pg_sequence.seqmax, %(json_build_object_7)s, pg_catalog.pg_sequence.seqcache, %(json_build_object_8)s, pg_catalog.pg_sequence.seqcycle) AS json_build_object_1 
FROM pg_catalog.pg_sequence 
WHERE pg_catalog.pg_attribute.attidentity != %(attidentity_2)s AND pg_catalog.pg_sequence.seqrelid = CAST(CAST(pg_catalog.pg_get_serial_sequence(CAST(CAST(pg_catalog.pg_attribute.attrelid AS REGCLASS) AS TEXT), pg_catalog.pg_attribute.attname) AS REGCLASS) AS OID)) AS identity_options, CASE WHEN (pg_catalog.pg_attribute.attcollation != %(attcollation_1)s AND (SELECT pg_catalog.pg_type.typcollation 
FROM pg_catalog.pg_type 
WHERE pg_catalog.pg_type.oid = pg_catalog.pg_attribute.atttypid) != pg_catalog.pg_attribute.attcollation) THEN (SELECT pg_catalog.pg_collation.collname 
FROM pg_catalog.pg_collation 
WHERE pg_catalog.pg_collation.oid = pg_catalog.pg_attribute.attcollation) ELSE NULL END AS collation 
FROM pg_catalog.pg_class LEFT OUTER JOIN pg_catalog.pg_attribute ON pg_catalog.pg_class.oid = pg_catalog.pg_attribute.attrelid AND pg_catalog.pg_attribute.attnum > %(attnum_1)s AND NOT pg_catalog.pg_attribute.attisdropped LEFT OUTER JOIN pg_catalog.pg_description ON pg_catalog.pg_description.objoid = pg_catalog.pg_attribute.attrelid AND pg_catalog.pg_description.objsubid = pg_catalog.pg_attribute.attnum JOIN pg_catalog.pg_namespace ON pg_catalog.pg_namespace.oid = pg_catalog.pg_class.relnamespace 
WHERE pg_catalog.pg_class.relkind = ANY (ARRAY[%(param_1)s, %(param_2)s, %(param_3)s]) AND pg_catalog.pg_table_is_visible(pg_catalog.pg_class.oid) AND pg_catalog.pg_namespace.nspname != %(nspname_1)s AND pg_catalog.pg_class.relname IN (%(filter_names_1)s, %(filter_names_2)s, %(filter_names_3)s, %(filter_names_4)s, %(filter_names_5)s, %(filter_names_6)s) ORDER BY pg_catalog.pg_class.relname, pg_catalog.pg_attribute.attnum
2026-04-20 20:48:43,182 // [generated in 0.00053s] {'json_build_object_2': 'always', 'attidentity_1': 'a', 'json_build_object_3': 'start', 'json_build_object_4': 'increment', 'json_build_object_5': 'minvalue', 'json_build_object_6': 'maxvalue', 'json_build_object_7': 'cache', 'json_build_object_8': 'cycle', 'attidentity_2': '', 'attcollation_1': 0, 'attnum_1': 0, 'param_1': 'r', 'param_2': 'p', 'param_3': 'f', 'nspname_1': 'pg_catalog', 'filter_names_1': 'test_table', 'filter_names_2': 'allBids', 'filter_names_3': 'portfolio', 'filter_names_4': 'moneyLimits', 'filter_names_5': 'depoLimit', 'filter_names_6': 'instruments'}
2026-04-20 20:48:43,291 // SELECT pg_catalog.pg_type.typname AS name, pg_catalog.format_type(pg_catalog.pg_type.typbasetype, pg_catalog.pg_type.typtypmod) AS attype, NOT pg_catalog.pg_type.typnotnull AS nullable, pg_catalog.pg_type.typdefault AS "default", pg_catalog.pg_type_is_visible(pg_catalog.pg_type.oid) AS visible, pg_catalog.pg_namespace.nspname AS schema, domain_constraints.condefs, domain_constraints.connames, pg_catalog.pg_collation.collname 
FROM pg_catalog.pg_type JOIN pg_catalog.pg_namespace ON pg_catalog.pg_namespace.oid = pg_catalog.pg_type.typnamespace LEFT OUTER JOIN pg_catalog.pg_collation ON pg_catalog.pg_type.typcollation = pg_catalog.pg_collation.oid LEFT OUTER JOIN (SELECT pg_catalog.pg_constraint.contypid AS contypid, array_agg(pg_catalog.pg_get_constraintdef(pg_catalog.pg_constraint.oid, %(pg_get_constraintdef_1)s)) AS condefs, array_agg(CAST(pg_catalog.pg_constraint.conname AS TEXT)) AS connames 
FROM pg_catalog.pg_constraint 
WHERE pg_catalog.pg_constraint.contypid != %(contypid_1)s GROUP BY pg_catalog.pg_constraint.contypid) AS domain_constraints ON pg_catalog.pg_type.oid = domain_constraints.contypid 
WHERE pg_catalog.pg_type.typtype = %(typtype_1)s ORDER BY pg_catalog.pg_namespace.nspname, pg_catalog.pg_type.typname
2026-04-20 20:48:43,291 // [generated in 0.00033s] {'pg_get_constraintdef_1': True, 'contypid_1': 0, 'typtype_1': 'd'}
2026-04-20 20:48:43,348 // SELECT pg_catalog.pg_type.typname AS name, pg_catalog.pg_type_is_visible(pg_catalog.pg_type.oid) AS visible, pg_catalog.pg_namespace.nspname AS schema, lbl_agg.labels AS labels 
FROM pg_catalog.pg_type JOIN pg_catalog.pg_namespace ON pg_catalog.pg_namespace.oid = pg_catalog.pg_type.typnamespace LEFT OUTER JOIN (SELECT pg_catalog.pg_enum.enumtypid AS enumtypid, array_agg(CAST(pg_catalog.pg_enum.enumlabel AS TEXT) ORDER BY pg_catalog.pg_enum.enumsortorder) AS labels 
FROM pg_catalog.pg_enum GROUP BY pg_catalog.pg_enum.enumtypid) AS lbl_agg ON pg_catalog.pg_type.oid = lbl_agg.enumtypid 
WHERE pg_catalog.pg_type.typtype = %(typtype_1)s ORDER BY pg_catalog.pg_namespace.nspname, pg_catalog.pg_type.typname
2026-04-20 20:48:43,349 // [generated in 0.00037s] {'typtype_1': 'e'}
2026-04-20 20:48:43,404 // SELECT pg_catalog.pg_class.oid, pg_catalog.pg_class.relname 
FROM pg_catalog.pg_class JOIN pg_catalog.pg_namespace ON pg_catalog.pg_namespace.oid = pg_catalog.pg_class.relnamespace 
WHERE pg_catalog.pg_class.relkind = ANY (ARRAY[%(param_1)s, %(param_2)s, %(param_3)s]) AND pg_catalog.pg_table_is_visible(pg_catalog.pg_class.oid) AND pg_catalog.pg_namespace.nspname != %(nspname_1)s AND pg_catalog.pg_class.relname IN (%(filter_names_1)s, %(filter_names_2)s, %(filter_names_3)s, %(filter_names_4)s, %(filter_names_5)s, %(filter_names_6)s)
2026-04-20 20:48:43,404 // [generated in 0.00035s] {'param_1': 'r', 'param_2': 'p', 'param_3': 'f', 'nspname_1': 'pg_catalog', 'filter_names_1': 'test_table', 'filter_names_2': 'allBids', 'filter_names_3': 'portfolio', 'filter_names_4': 'moneyLimits', 'filter_names_5': 'depoLimit', 'filter_names_6': 'instruments'}
2026-04-20 20:48:43,463 // SELECT attr.conrelid, array_agg(CAST(attr.attname AS TEXT) ORDER BY attr.ord) AS cols, attr.conname, min(attr.description) AS description, min(attr.indnkeyatts) AS indnkeyatts, bool_and(attr.indnullsnotdistinct) AS indnullsnotdistinct 
FROM (SELECT con.conrelid AS conrelid, con.conname AS conname, con.description AS description, con.ord AS ord, con.indnkeyatts AS indnkeyatts, con.indnullsnotdistinct AS indnullsnotdistinct, pg_catalog.pg_attribute.attname AS attname 
FROM pg_catalog.pg_attribute JOIN (SELECT pg_catalog.pg_constraint.conrelid AS conrelid, pg_catalog.pg_constraint.conname AS conname, unnest(pg_catalog.pg_index.indkey) AS attnum, generate_subscripts(pg_catalog.pg_index.indkey, %(generate_subscripts_1)s) AS ord, pg_catalog.pg_index.indnkeyatts AS indnkeyatts, pg_catalog.pg_index.indnullsnotdistinct AS indnullsnotdistinct, pg_catalog.pg_description.description AS description 
FROM pg_catalog.pg_constraint JOIN pg_catalog.pg_index ON pg_catalog.pg_constraint.conindid = pg_catalog.pg_index.indexrelid LEFT OUTER JOIN pg_catalog.pg_description ON pg_catalog.pg_description.objoid = pg_catalog.pg_constraint.oid 
WHERE pg_catalog.pg_constraint.contype = %(contype)s AND pg_catalog.pg_constraint.conrelid IN (%(oids_1)s, %(oids_2)s, %(oids_3)s, %(oids_4)s, %(oids_5)s, %(oids_6)s)) AS con ON pg_catalog.pg_attribute.attnum = con.attnum AND pg_catalog.pg_attribute.attrelid = con.conrelid 
WHERE con.conrelid IN (%(oids_1)s, %(oids_2)s, %(oids_3)s, %(oids_4)s, %(oids_5)s, %(oids_6)s)) AS attr GROUP BY attr.conrelid, attr.conname ORDER BY attr.conrelid, attr.conname
2026-04-20 20:48:43,464 // [generated in 0.00048s] {'generate_subscripts_1': 1, 'contype': 'p', 'oids_1': 16391, 'oids_2': 16802, 'oids_3': 16437, 'oids_4': 16529, 'oids_5': 16539, 'oids_6': 16668}
2026-04-20 20:48:43,527 // SELECT pg_catalog.pg_class.relname, pg_catalog.pg_constraint.conname, CASE WHEN (pg_catalog.pg_constraint.oid IS NOT NULL) THEN pg_catalog.pg_get_constraintdef(pg_catalog.pg_constraint.oid, %(pg_get_constraintdef_1)s) END AS anon_1, nsp_ref.nspname, pg_catalog.pg_description.description 
FROM pg_catalog.pg_class LEFT OUTER JOIN pg_catalog.pg_constraint ON pg_catalog.pg_class.oid = pg_catalog.pg_constraint.conrelid AND pg_catalog.pg_constraint.contype = %(contype_1)s LEFT OUTER JOIN pg_catalog.pg_class AS cls_ref ON cls_ref.oid = pg_catalog.pg_constraint.confrelid LEFT OUTER JOIN pg_catalog.pg_namespace AS nsp_ref ON cls_ref.relnamespace = nsp_ref.oid LEFT OUTER JOIN pg_catalog.pg_description ON pg_catalog.pg_description.objoid = pg_catalog.pg_constraint.oid JOIN pg_catalog.pg_namespace ON pg_catalog.pg_namespace.oid = pg_catalog.pg_class.relnamespace 
WHERE pg_catalog.pg_class.relkind = ANY (ARRAY[%(param_1)s, %(param_2)s, %(param_3)s]) AND pg_catalog.pg_table_is_visible(pg_catalog.pg_class.oid) AND pg_catalog.pg_namespace.nspname != %(nspname_1)s AND pg_catalog.pg_class.relname IN (%(filter_names_1)s, %(filter_names_2)s, %(filter_names_3)s, %(filter_names_4)s, %(filter_names_5)s, %(filter_names_6)s) ORDER BY pg_catalog.pg_class.relname, pg_catalog.pg_constraint.conname
2026-04-20 20:48:43,528 // [generated in 0.00039s] {'pg_get_constraintdef_1': True, 'contype_1': 'f', 'param_1': 'r', 'param_2': 'p', 'param_3': 'f', 'nspname_1': 'pg_catalog', 'filter_names_1': 'test_table', 'filter_names_2': 'allBids', 'filter_names_3': 'portfolio', 'filter_names_4': 'moneyLimits', 'filter_names_5': 'depoLimit', 'filter_names_6': 'instruments'}
2026-04-20 20:48:43,585 // SELECT pg_catalog.pg_index.indrelid, pg_catalog.pg_class.relname, pg_catalog.pg_index.indisunique, pg_catalog.pg_constraint.conrelid IS NOT NULL AS has_constraint, pg_catalog.pg_index.indoption, pg_catalog.pg_class.reloptions, pg_catalog.pg_am.amname, CASE WHEN (pg_catalog.pg_index.indpred IS NOT NULL) THEN pg_catalog.pg_get_expr(pg_catalog.pg_index.indpred, pg_catalog.pg_index.indrelid) END AS filter_definition, pg_catalog.pg_index.indnkeyatts, pg_catalog.pg_index.indnullsnotdistinct, idx_cols.elements, idx_cols.elements_is_expr, idx_cols.elements_opclass, idx_cols.elements_opdefault 
FROM pg_catalog.pg_index JOIN pg_catalog.pg_class ON pg_catalog.pg_index.indexrelid = pg_catalog.pg_class.oid JOIN pg_catalog.pg_am ON pg_catalog.pg_class.relam = pg_catalog.pg_am.oid LEFT OUTER JOIN (SELECT idx_attr.indexrelid AS indexrelid, min(idx_attr.indrelid) AS min_1, array_agg(idx_attr.element ORDER BY idx_attr.ord) AS elements, array_agg(idx_attr.is_expr ORDER BY idx_attr.ord) AS elements_is_expr, array_agg(idx_attr.opcname ORDER BY idx_attr.ord) AS elements_opclass, array_agg(idx_attr.opcdefault ORDER BY idx_attr.ord) AS elements_opdefault 
FROM (SELECT idx.indexrelid AS indexrelid, idx.indrelid AS indrelid, idx.ord AS ord, CASE WHEN (idx.attnum = %(attnum_1)s) THEN pg_catalog.pg_get_indexdef(idx.indexrelid, idx.ord + %(ord_1)s, %(pg_get_indexdef_1)s) ELSE CAST(pg_catalog.pg_attribute.attname AS TEXT) END AS element, idx.attnum = %(attnum_2)s AS is_expr, pg_catalog.pg_opclass.opcname AS opcname, pg_catalog.pg_opclass.opcdefault AS opcdefault 
FROM (SELECT pg_catalog.pg_index.indexrelid AS indexrelid, pg_catalog.pg_index.indrelid AS indrelid, unnest(pg_catalog.pg_index.indkey) AS attnum, unnest(pg_catalog.pg_index.indclass) AS att_opclass, generate_subscripts(pg_catalog.pg_index.indkey, %(generate_subscripts_1)s) AS ord 
FROM pg_catalog.pg_index 
WHERE NOT pg_catalog.pg_index.indisprimary AND pg_catalog.pg_index.indrelid IN (%(oids_1)s, %(oids_2)s, %(oids_3)s, %(oids_4)s, %(oids_5)s, %(oids_6)s)) AS idx LEFT OUTER JOIN pg_catalog.pg_attribute ON pg_catalog.pg_attribute.attnum = idx.attnum AND pg_catalog.pg_attribute.attrelid = idx.indrelid LEFT OUTER JOIN pg_catalog.pg_opclass ON pg_catalog.pg_opclass.oid = idx.att_opclass 
WHERE idx.indrelid IN (%(oids_1)s, %(oids_2)s, %(oids_3)s, %(oids_4)s, %(oids_5)s, %(oids_6)s)) AS idx_attr GROUP BY idx_attr.indexrelid) AS idx_cols ON pg_catalog.pg_index.indexrelid = idx_cols.indexrelid LEFT OUTER JOIN pg_catalog.pg_constraint ON pg_catalog.pg_index.indrelid = pg_catalog.pg_constraint.conrelid AND pg_catalog.pg_index.indexrelid = pg_catalog.pg_constraint.conindid AND pg_catalog.pg_constraint.contype = ANY (ARRAY[%(param_1)s, %(param_2)s, %(param_3)s]) 
WHERE pg_catalog.pg_index.indrelid IN (%(oids_1)s, %(oids_2)s, %(oids_3)s, %(oids_4)s, %(oids_5)s, %(oids_6)s) AND NOT pg_catalog.pg_index.indisprimary ORDER BY pg_catalog.pg_index.indrelid, pg_catalog.pg_class.relname
2026-04-20 20:48:43,585 // [generated in 0.00042s] {'attnum_1': 0, 'ord_1': 1, 'pg_get_indexdef_1': True, 'attnum_2': 0, 'generate_subscripts_1': 1, 'param_1': 'p', 'param_2': 'u', 'param_3': 'x', 'oids_1': 16391, 'oids_2': 16802, 'oids_3': 16437, 'oids_4': 16529, 'oids_5': 16539, 'oids_6': 16668}
2026-04-20 20:48:43,639 // SELECT attr.conrelid, array_agg(CAST(attr.attname AS TEXT) ORDER BY attr.ord) AS cols, attr.conname, min(attr.description) AS description, min(attr.indnkeyatts) AS indnkeyatts, bool_and(attr.indnullsnotdistinct) AS indnullsnotdistinct 
FROM (SELECT con.conrelid AS conrelid, con.conname AS conname, con.description AS description, con.ord AS ord, con.indnkeyatts AS indnkeyatts, con.indnullsnotdistinct AS indnullsnotdistinct, pg_catalog.pg_attribute.attname AS attname 
FROM pg_catalog.pg_attribute JOIN (SELECT pg_catalog.pg_constraint.conrelid AS conrelid, pg_catalog.pg_constraint.conname AS conname, unnest(pg_catalog.pg_index.indkey) AS attnum, generate_subscripts(pg_catalog.pg_index.indkey, %(generate_subscripts_1)s) AS ord, pg_catalog.pg_index.indnkeyatts AS indnkeyatts, pg_catalog.pg_index.indnullsnotdistinct AS indnullsnotdistinct, pg_catalog.pg_description.description AS description 
FROM pg_catalog.pg_constraint JOIN pg_catalog.pg_index ON pg_catalog.pg_constraint.conindid = pg_catalog.pg_index.indexrelid LEFT OUTER JOIN pg_catalog.pg_description ON pg_catalog.pg_description.objoid = pg_catalog.pg_constraint.oid 
WHERE pg_catalog.pg_constraint.contype = %(contype)s AND pg_catalog.pg_constraint.conrelid IN (%(oids_1)s, %(oids_2)s, %(oids_3)s, %(oids_4)s, %(oids_5)s, %(oids_6)s)) AS con ON pg_catalog.pg_attribute.attnum = con.attnum AND pg_catalog.pg_attribute.attrelid = con.conrelid 
WHERE con.conrelid IN (%(oids_1)s, %(oids_2)s, %(oids_3)s, %(oids_4)s, %(oids_5)s, %(oids_6)s)) AS attr GROUP BY attr.conrelid, attr.conname ORDER BY attr.conrelid, attr.conname
2026-04-20 20:48:43,639 // [cached since 0.1763s ago] {'generate_subscripts_1': 1, 'contype': 'u', 'oids_1': 16391, 'oids_2': 16802, 'oids_3': 16437, 'oids_4': 16529, 'oids_5': 16539, 'oids_6': 16668}
2026-04-20 20:48:43,695 // SELECT pg_catalog.pg_class.relname, pg_catalog.pg_description.description 
FROM pg_catalog.pg_class LEFT OUTER JOIN pg_catalog.pg_description ON pg_catalog.pg_class.oid = pg_catalog.pg_description.objoid AND pg_catalog.pg_description.objsubid = %(objsubid_1)s AND pg_catalog.pg_description.classoid = CAST(%(param_1)s AS REGCLASS) JOIN pg_catalog.pg_namespace ON pg_catalog.pg_namespace.oid = pg_catalog.pg_class.relnamespace 
WHERE pg_catalog.pg_class.relkind = ANY (ARRAY[%(param_2)s, %(param_3)s, %(param_4)s]) AND pg_catalog.pg_table_is_visible(pg_catalog.pg_class.oid) AND pg_catalog.pg_namespace.nspname != %(nspname_1)s AND pg_catalog.pg_class.relname IN (%(filter_names_1)s, %(filter_names_2)s, %(filter_names_3)s, %(filter_names_4)s, %(filter_names_5)s, %(filter_names_6)s)
2026-04-20 20:48:43,696 // [generated in 0.00033s] {'objsubid_1': 0, 'param_1': 'pg_catalog.pg_class', 'param_2': 'r', 'param_3': 'p', 'param_4': 'f', 'nspname_1': 'pg_catalog', 'filter_names_1': 'test_table', 'filter_names_2': 'allBids', 'filter_names_3': 'portfolio', 'filter_names_4': 'moneyLimits', 'filter_names_5': 'depoLimit', 'filter_names_6': 'instruments'}
2026-04-20 20:48:43,748 // SELECT pg_catalog.pg_class.relname, pg_catalog.pg_constraint.conname, CASE WHEN (pg_catalog.pg_constraint.oid IS NOT NULL) THEN pg_catalog.pg_get_constraintdef(pg_catalog.pg_constraint.oid, %(pg_get_constraintdef_1)s) END AS anon_1, pg_catalog.pg_description.description 
FROM pg_catalog.pg_class LEFT OUTER JOIN pg_catalog.pg_constraint ON pg_catalog.pg_class.oid = pg_catalog.pg_constraint.conrelid AND pg_catalog.pg_constraint.contype = %(contype_1)s LEFT OUTER JOIN pg_catalog.pg_description ON pg_catalog.pg_description.objoid = pg_catalog.pg_constraint.oid JOIN pg_catalog.pg_namespace ON pg_catalog.pg_namespace.oid = pg_catalog.pg_class.relnamespace 
WHERE pg_catalog.pg_class.relkind = ANY (ARRAY[%(param_1)s, %(param_2)s, %(param_3)s]) AND pg_catalog.pg_table_is_visible(pg_catalog.pg_class.oid) AND pg_catalog.pg_namespace.nspname != %(nspname_1)s AND pg_catalog.pg_class.relname IN (%(filter_names_1)s, %(filter_names_2)s, %(filter_names_3)s, %(filter_names_4)s, %(filter_names_5)s, %(filter_names_6)s) ORDER BY pg_catalog.pg_class.relname, pg_catalog.pg_constraint.conname
2026-04-20 20:48:43,749 // [generated in 0.00037s] {'pg_get_constraintdef_1': True, 'contype_1': 'c', 'param_1': 'r', 'param_2': 'p', 'param_3': 'f', 'nspname_1': 'pg_catalog', 'filter_names_1': 'test_table', 'filter_names_2': 'allBids', 'filter_names_3': 'portfolio', 'filter_names_4': 'moneyLimits', 'filter_names_5': 'depoLimit', 'filter_names_6': 'instruments'}
2026-04-20 20:48:43,802 // SELECT pg_catalog.pg_class.relname 
FROM pg_catalog.pg_class JOIN pg_catalog.pg_namespace ON pg_catalog.pg_namespace.oid = pg_catalog.pg_class.relnamespace 
WHERE pg_catalog.pg_class.relkind = ANY (ARRAY[%(param_1)s, %(param_2)s]) AND pg_catalog.pg_class.relpersistence = %(relpersistence_1)s AND pg_catalog.pg_table_is_visible(pg_catalog.pg_class.oid) AND pg_catalog.pg_namespace.nspname != %(nspname_1)s
2026-04-20 20:48:43,803 // [generated in 0.00082s] {'param_1': 'r', 'param_2': 'p', 'relpersistence_1': 't', 'nspname_1': 'pg_catalog'}
2026-04-20 20:48:43,858 // ROLLBACK
2026-04-20 20:48:43,909 // Class portfolio has been initialized
2026-04-20 20:48:43,909 // Starting to get an authKey
2026-04-20 20:48:45,027 // Authorization successful!
2026-04-20 20:48:45,027 // Starting getLimits func
2026-04-20 20:48:46,110 // BEGIN (implicit)
2026-04-20 20:48:46,110 // INSERT INTO "depoLimit" (ticker, "classCode", exchange, "averagePrice", quantitytype, quantityvalue, "quantityBatchtype", "quantityBatchvalue", "instrumentType", "loadDate", "lockedBuyValue", "lockedSellValue") VALUES (%(ticker__0)s, %(classCode__0)s ... 1146 characters truncated ... chvalue__4)s, %(instrumentType__4)s, %(loadDate__4)s, %(lockedBuyValue__4)s, %(lockedSellValue__4)s)
2026-04-20 20:48:46,110 // [generated in 0.00029s (insertmanyvalues) 1/1 (unordered)] {'quantityvalue__0': 30.0, 'averagePrice__0': 89.5, 'lockedSellValue__0': 0.0, 'quantitytype__0': 'T365', 'quantityBatchtype__0': 'T365', 'loadDate__0': '2026-04-19T21:00:00.000Z', 'lockedBuyValue__0': 0.0, 'classCode__0': 'TQBR', 'quantityBatchvalue__0': 3.0, 'exchange__0': 'MOEX', 'instrumentType__0': 'STOCK', 'ticker__0': 'RENI', 'quantityvalue__1': 2000.0, 'averagePrice__1': 8.621583, 'lockedSellValue__1': 0.0, 'quantitytype__1': 'T365', 'quantityBatchtype__1': 'T365', 'loadDate__1': '2026-04-19T21:00:00.000Z', 'lockedBuyValue__1': 0.0, 'classCode__1': 'TQBR', 'quantityBatchvalue__1': 20.0, 'exchange__1': 'MOEX', 'instrumentType__1': 'STOCK', 'ticker__1': 'NMTP', 'quantityvalue__2': 6.0, 'averagePrice__2': 2437.083333, 'lockedSellValue__2': 0.0, 'quantitytype__2': 'T365', 'quantityBatchtype__2': 'T365', 'loadDate__2': '2026-04-19T21:00:00.000Z', 'lockedBuyValue__2': 0.0, 'classCode__2': 'TQBR', 'quantityBatchvalue__2': 6.0, 'exchange__2': 'MOEX', 'instrumentType__2': 'STOCK', 'ticker__2': 'X5', 'quantityvalue__3': 0.0, 'averagePrice__3': 0.0, 'lockedSellValue__3': 0.0, 'quantitytype__3': 'T365', 'quantityBatchtype__3': 'T365', 'loadDate__3': '2026-04-19T21:00:00.000Z', 'lockedBuyValue__3': 0.0, 'classCode__3': 'CETS', 'quantityBatchvalue__3': 0.0, 'exchange__3': 'MOEX', 'instrumentType__3': 'CURRENCY', 'ticker__3': 'USD000000TOD', 'quantityvalue__4': 0.0, 'averagePrice__4': 0.0, 'lockedSellValue__4': 0.0, 'quantitytype__4': 'T365', 'quantityBatchtype__4': 'T365', 'loadDate__4': '2026-04-19T21:00:00.000Z', 'lockedBuyValue__4': 0.0, 'classCode__4': 'SPBXM', 'quantityBatchvalue__4': 0.0, 'exchange__4': 'SPB', 'instrumentType__4': 'FOREIGN_STOCK', 'ticker__4': 'AAPL'}
2026-04-20 20:48:46,219 // COMMIT
2026-04-20 20:48:46,273 // BEGIN (implicit)
2026-04-20 20:48:46,274 // INSERT INTO "moneyLimits" (exchange, "currencyCode", locked, "averagePrice", "instrumentType", quantitytype, quantityvalue, "loadDate") VALUES (%(exchange__0)s, %(currencyCode__0)s, %(locked__0)s, %(averagePrice__0)s, %(instrumentType__0)s, %(quantit ... 268 characters truncated ... veragePrice__2)s, %(instrumentType__2)s, %(quantitytype__2)s, %(quantityvalue__2)s, %(loadDate__2)s)
2026-04-20 20:48:46,274 // [generated in 0.00029s (insertmanyvalues) 1/1 (unordered)] {'quantityvalue__0': 0.57, 'averagePrice__0': 0.0, 'currencyCode__0': 'RUB', 'instrumentType__0': 'MONEY', 'quantitytype__0': 'T365', 'loadDate__0': '2026-04-19T21:00:00.000Z', 'exchange__0': 'MOEX', 'locked__0': 0.0, 'quantityvalue__1': 0.0, 'averagePrice__1': 0.0, 'currencyCode__1': 'USD', 'instrumentType__1': 'MONEY', 'quantitytype__1': 'T365', 'loadDate__1': '2026-04-19T21:00:00.000Z', 'exchange__1': 'SPB', 'locked__1': 0.0, 'quantityvalue__2': 0.0, 'averagePrice__2': 0.0, 'currencyCode__2': 'USD', 'instrumentType__2': 'MONEY', 'quantitytype__2': 'T365', 'loadDate__2': '2026-04-19T21:00:00.000Z', 'exchange__2': 'MOEX', 'locked__2': 0.0}
2026-04-20 20:48:46,371 // COMMIT
2026-04-20 20:48:46,422 // SCRIPT HAS BEEN FINISHED
2026-04-20 21:00:00,596 // SCRIPT HAS BEEN STARTED
2026-04-20 21:00:02,587 // select pg_catalog.version()
2026-04-20 21:00:02,587 // [raw sql] {}
2026-04-20 21:00:02,715 // select current_schema()
2026-04-20 21:00:02,715 // [raw sql] {}
2026-04-20 21:00:02,842 // show standard_conforming_strings
2026-04-20 21:00:02,842 // [raw sql] {}
2026-04-20 21:00:03,235 // BEGIN (implicit)
2026-04-20 21:00:03,235 // COMMIT
2026-04-20 21:00:03,238 // BEGIN (implicit)
2026-04-20 21:00:03,238 // SELECT pg_catalog.pg_class.relname 
FROM pg_catalog.pg_class JOIN pg_catalog.pg_namespace ON pg_catalog.pg_namespace.oid = pg_catalog.pg_class.relnamespace 
WHERE pg_catalog.pg_class.relkind = ANY (ARRAY[%(param_1)s, %(param_2)s]) AND pg_catalog.pg_class.relpersistence != %(relpersistence_1)s AND pg_catalog.pg_table_is_visible(pg_catalog.pg_class.oid) AND pg_catalog.pg_namespace.nspname != %(nspname_1)s
2026-04-20 21:00:03,238 // [generated in 0.00042s] {'param_1': 'r', 'param_2': 'p', 'relpersistence_1': 't', 'nspname_1': 'pg_catalog'}
2026-04-20 21:00:03,641 // SELECT pg_catalog.pg_attribute.attname AS name, pg_catalog.format_type(pg_catalog.pg_attribute.atttypid, pg_catalog.pg_attribute.atttypmod) AS format_type, (SELECT pg_catalog.pg_get_expr(pg_catalog.pg_attrdef.adbin, pg_catalog.pg_attrdef.adrelid) AS pg_get_expr_1 
FROM pg_catalog.pg_attrdef 
WHERE pg_catalog.pg_attrdef.adrelid = pg_catalog.pg_attribute.attrelid AND pg_catalog.pg_attrdef.adnum = pg_catalog.pg_attribute.attnum AND pg_catalog.pg_attribute.atthasdef) AS "default", pg_catalog.pg_attribute.attnotnull AS not_null, pg_catalog.pg_class.relname AS table_name, pg_catalog.pg_description.description AS comment, pg_catalog.pg_attribute.attgenerated AS generated, (SELECT json_build_object(%(json_build_object_2)s, pg_catalog.pg_attribute.attidentity = %(attidentity_1)s, %(json_build_object_3)s, pg_catalog.pg_sequence.seqstart, %(json_build_object_4)s, pg_catalog.pg_sequence.seqincrement, %(json_build_object_5)s, pg_catalog.pg_sequence.seqmin, %(json_build_object_6)s, pg_catalog.pg_sequence.seqmax, %(json_build_object_7)s, pg_catalog.pg_sequence.seqcache, %(json_build_object_8)s, pg_catalog.pg_sequence.seqcycle) AS json_build_object_1 
FROM pg_catalog.pg_sequence 
WHERE pg_catalog.pg_attribute.attidentity != %(attidentity_2)s AND pg_catalog.pg_sequence.seqrelid = CAST(CAST(pg_catalog.pg_get_serial_sequence(CAST(CAST(pg_catalog.pg_attribute.attrelid AS REGCLASS) AS TEXT), pg_catalog.pg_attribute.attname) AS REGCLASS) AS OID)) AS identity_options, CASE WHEN (pg_catalog.pg_attribute.attcollation != %(attcollation_1)s AND (SELECT pg_catalog.pg_type.typcollation 
FROM pg_catalog.pg_type 
WHERE pg_catalog.pg_type.oid = pg_catalog.pg_attribute.atttypid) != pg_catalog.pg_attribute.attcollation) THEN (SELECT pg_catalog.pg_collation.collname 
FROM pg_catalog.pg_collation 
WHERE pg_catalog.pg_collation.oid = pg_catalog.pg_attribute.attcollation) ELSE NULL END AS collation 
FROM pg_catalog.pg_class LEFT OUTER JOIN pg_catalog.pg_attribute ON pg_catalog.pg_class.oid = pg_catalog.pg_attribute.attrelid AND pg_catalog.pg_attribute.attnum > %(attnum_1)s AND NOT pg_catalog.pg_attribute.attisdropped LEFT OUTER JOIN pg_catalog.pg_description ON pg_catalog.pg_description.objoid = pg_catalog.pg_attribute.attrelid AND pg_catalog.pg_description.objsubid = pg_catalog.pg_attribute.attnum JOIN pg_catalog.pg_namespace ON pg_catalog.pg_namespace.oid = pg_catalog.pg_class.relnamespace 
WHERE pg_catalog.pg_class.relkind = ANY (ARRAY[%(param_1)s, %(param_2)s, %(param_3)s]) AND pg_catalog.pg_table_is_visible(pg_catalog.pg_class.oid) AND pg_catalog.pg_namespace.nspname != %(nspname_1)s AND pg_catalog.pg_class.relname IN (%(filter_names_1)s, %(filter_names_2)s, %(filter_names_3)s, %(filter_names_4)s, %(filter_names_5)s, %(filter_names_6)s) ORDER BY pg_catalog.pg_class.relname, pg_catalog.pg_attribute.attnum
2026-04-20 21:00:03,641 // [generated in 0.00054s] {'json_build_object_2': 'always', 'attidentity_1': 'a', 'json_build_object_3': 'start', 'json_build_object_4': 'increment', 'json_build_object_5': 'minvalue', 'json_build_object_6': 'maxvalue', 'json_build_object_7': 'cache', 'json_build_object_8': 'cycle', 'attidentity_2': '', 'attcollation_1': 0, 'attnum_1': 0, 'param_1': 'r', 'param_2': 'p', 'param_3': 'f', 'nspname_1': 'pg_catalog', 'filter_names_1': 'test_table', 'filter_names_2': 'allBids', 'filter_names_3': 'portfolio', 'filter_names_4': 'moneyLimits', 'filter_names_5': 'depoLimit', 'filter_names_6': 'instruments'}
2026-04-20 21:00:04,226 // SELECT pg_catalog.pg_type.typname AS name, pg_catalog.format_type(pg_catalog.pg_type.typbasetype, pg_catalog.pg_type.typtypmod) AS attype, NOT pg_catalog.pg_type.typnotnull AS nullable, pg_catalog.pg_type.typdefault AS "default", pg_catalog.pg_type_is_visible(pg_catalog.pg_type.oid) AS visible, pg_catalog.pg_namespace.nspname AS schema, domain_constraints.condefs, domain_constraints.connames, pg_catalog.pg_collation.collname 
FROM pg_catalog.pg_type JOIN pg_catalog.pg_namespace ON pg_catalog.pg_namespace.oid = pg_catalog.pg_type.typnamespace LEFT OUTER JOIN pg_catalog.pg_collation ON pg_catalog.pg_type.typcollation = pg_catalog.pg_collation.oid LEFT OUTER JOIN (SELECT pg_catalog.pg_constraint.contypid AS contypid, array_agg(pg_catalog.pg_get_constraintdef(pg_catalog.pg_constraint.oid, %(pg_get_constraintdef_1)s)) AS condefs, array_agg(CAST(pg_catalog.pg_constraint.conname AS TEXT)) AS connames 
FROM pg_catalog.pg_constraint 
WHERE pg_catalog.pg_constraint.contypid != %(contypid_1)s GROUP BY pg_catalog.pg_constraint.contypid) AS domain_constraints ON pg_catalog.pg_type.oid = domain_constraints.contypid 
WHERE pg_catalog.pg_type.typtype = %(typtype_1)s ORDER BY pg_catalog.pg_namespace.nspname, pg_catalog.pg_type.typname
2026-04-20 21:00:04,227 // [generated in 0.00034s] {'pg_get_constraintdef_1': True, 'contypid_1': 0, 'typtype_1': 'd'}
2026-04-20 21:00:04,298 // SELECT pg_catalog.pg_type.typname AS name, pg_catalog.pg_type_is_visible(pg_catalog.pg_type.oid) AS visible, pg_catalog.pg_namespace.nspname AS schema, lbl_agg.labels AS labels 
FROM pg_catalog.pg_type JOIN pg_catalog.pg_namespace ON pg_catalog.pg_namespace.oid = pg_catalog.pg_type.typnamespace LEFT OUTER JOIN (SELECT pg_catalog.pg_enum.enumtypid AS enumtypid, array_agg(CAST(pg_catalog.pg_enum.enumlabel AS TEXT) ORDER BY pg_catalog.pg_enum.enumsortorder) AS labels 
FROM pg_catalog.pg_enum GROUP BY pg_catalog.pg_enum.enumtypid) AS lbl_agg ON pg_catalog.pg_type.oid = lbl_agg.enumtypid 
WHERE pg_catalog.pg_type.typtype = %(typtype_1)s ORDER BY pg_catalog.pg_namespace.nspname, pg_catalog.pg_type.typname
2026-04-20 21:00:04,299 // [generated in 0.00035s] {'typtype_1': 'e'}
2026-04-20 21:00:04,364 // SELECT pg_catalog.pg_class.oid, pg_catalog.pg_class.relname 
FROM pg_catalog.pg_class JOIN pg_catalog.pg_namespace ON pg_catalog.pg_namespace.oid = pg_catalog.pg_class.relnamespace 
WHERE pg_catalog.pg_class.relkind = ANY (ARRAY[%(param_1)s, %(param_2)s, %(param_3)s]) AND pg_catalog.pg_table_is_visible(pg_catalog.pg_class.oid) AND pg_catalog.pg_namespace.nspname != %(nspname_1)s AND pg_catalog.pg_class.relname IN (%(filter_names_1)s, %(filter_names_2)s, %(filter_names_3)s, %(filter_names_4)s, %(filter_names_5)s, %(filter_names_6)s)
2026-04-20 21:00:04,365 // [generated in 0.00034s] {'param_1': 'r', 'param_2': 'p', 'param_3': 'f', 'nspname_1': 'pg_catalog', 'filter_names_1': 'test_table', 'filter_names_2': 'allBids', 'filter_names_3': 'portfolio', 'filter_names_4': 'moneyLimits', 'filter_names_5': 'depoLimit', 'filter_names_6': 'instruments'}
2026-04-20 21:00:04,430 // SELECT attr.conrelid, array_agg(CAST(attr.attname AS TEXT) ORDER BY attr.ord) AS cols, attr.conname, min(attr.description) AS description, min(attr.indnkeyatts) AS indnkeyatts, bool_and(attr.indnullsnotdistinct) AS indnullsnotdistinct 
FROM (SELECT con.conrelid AS conrelid, con.conname AS conname, con.description AS description, con.ord AS ord, con.indnkeyatts AS indnkeyatts, con.indnullsnotdistinct AS indnullsnotdistinct, pg_catalog.pg_attribute.attname AS attname 
FROM pg_catalog.pg_attribute JOIN (SELECT pg_catalog.pg_constraint.conrelid AS conrelid, pg_catalog.pg_constraint.conname AS conname, unnest(pg_catalog.pg_index.indkey) AS attnum, generate_subscripts(pg_catalog.pg_index.indkey, %(generate_subscripts_1)s) AS ord, pg_catalog.pg_index.indnkeyatts AS indnkeyatts, pg_catalog.pg_index.indnullsnotdistinct AS indnullsnotdistinct, pg_catalog.pg_description.description AS description 
FROM pg_catalog.pg_constraint JOIN pg_catalog.pg_index ON pg_catalog.pg_constraint.conindid = pg_catalog.pg_index.indexrelid LEFT OUTER JOIN pg_catalog.pg_description ON pg_catalog.pg_description.objoid = pg_catalog.pg_constraint.oid 
WHERE pg_catalog.pg_constraint.contype = %(contype)s AND pg_catalog.pg_constraint.conrelid IN (%(oids_1)s, %(oids_2)s, %(oids_3)s, %(oids_4)s, %(oids_5)s, %(oids_6)s)) AS con ON pg_catalog.pg_attribute.attnum = con.attnum AND pg_catalog.pg_attribute.attrelid = con.conrelid 
WHERE con.conrelid IN (%(oids_1)s, %(oids_2)s, %(oids_3)s, %(oids_4)s, %(oids_5)s, %(oids_6)s)) AS attr GROUP BY attr.conrelid, attr.conname ORDER BY attr.conrelid, attr.conname
2026-04-20 21:00:04,430 // [generated in 0.00041s] {'generate_subscripts_1': 1, 'contype': 'p', 'oids_1': 16391, 'oids_2': 16802, 'oids_3': 16437, 'oids_4': 16529, 'oids_5': 16539, 'oids_6': 16668}
2026-04-20 21:00:04,508 // SELECT pg_catalog.pg_class.relname, pg_catalog.pg_constraint.conname, CASE WHEN (pg_catalog.pg_constraint.oid IS NOT NULL) THEN pg_catalog.pg_get_constraintdef(pg_catalog.pg_constraint.oid, %(pg_get_constraintdef_1)s) END AS anon_1, nsp_ref.nspname, pg_catalog.pg_description.description 
FROM pg_catalog.pg_class LEFT OUTER JOIN pg_catalog.pg_constraint ON pg_catalog.pg_class.oid = pg_catalog.pg_constraint.conrelid AND pg_catalog.pg_constraint.contype = %(contype_1)s LEFT OUTER JOIN pg_catalog.pg_class AS cls_ref ON cls_ref.oid = pg_catalog.pg_constraint.confrelid LEFT OUTER JOIN pg_catalog.pg_namespace AS nsp_ref ON cls_ref.relnamespace = nsp_ref.oid LEFT OUTER JOIN pg_catalog.pg_description ON pg_catalog.pg_description.objoid = pg_catalog.pg_constraint.oid JOIN pg_catalog.pg_namespace ON pg_catalog.pg_namespace.oid = pg_catalog.pg_class.relnamespace 
WHERE pg_catalog.pg_class.relkind = ANY (ARRAY[%(param_1)s, %(param_2)s, %(param_3)s]) AND pg_catalog.pg_table_is_visible(pg_catalog.pg_class.oid) AND pg_catalog.pg_namespace.nspname != %(nspname_1)s AND pg_catalog.pg_class.relname IN (%(filter_names_1)s, %(filter_names_2)s, %(filter_names_3)s, %(filter_names_4)s, %(filter_names_5)s, %(filter_names_6)s) ORDER BY pg_catalog.pg_class.relname, pg_catalog.pg_constraint.conname
2026-04-20 21:00:04,508 // [generated in 0.00036s] {'pg_get_constraintdef_1': True, 'contype_1': 'f', 'param_1': 'r', 'param_2': 'p', 'param_3': 'f', 'nspname_1': 'pg_catalog', 'filter_names_1': 'test_table', 'filter_names_2': 'allBids', 'filter_names_3': 'portfolio', 'filter_names_4': 'moneyLimits', 'filter_names_5': 'depoLimit', 'filter_names_6': 'instruments'}
2026-04-20 21:00:04,581 // SELECT pg_catalog.pg_index.indrelid, pg_catalog.pg_class.relname, pg_catalog.pg_index.indisunique, pg_catalog.pg_constraint.conrelid IS NOT NULL AS has_constraint, pg_catalog.pg_index.indoption, pg_catalog.pg_class.reloptions, pg_catalog.pg_am.amname, CASE WHEN (pg_catalog.pg_index.indpred IS NOT NULL) THEN pg_catalog.pg_get_expr(pg_catalog.pg_index.indpred, pg_catalog.pg_index.indrelid) END AS filter_definition, pg_catalog.pg_index.indnkeyatts, pg_catalog.pg_index.indnullsnotdistinct, idx_cols.elements, idx_cols.elements_is_expr, idx_cols.elements_opclass, idx_cols.elements_opdefault 
FROM pg_catalog.pg_index JOIN pg_catalog.pg_class ON pg_catalog.pg_index.indexrelid = pg_catalog.pg_class.oid JOIN pg_catalog.pg_am ON pg_catalog.pg_class.relam = pg_catalog.pg_am.oid LEFT OUTER JOIN (SELECT idx_attr.indexrelid AS indexrelid, min(idx_attr.indrelid) AS min_1, array_agg(idx_attr.element ORDER BY idx_attr.ord) AS elements, array_agg(idx_attr.is_expr ORDER BY idx_attr.ord) AS elements_is_expr, array_agg(idx_attr.opcname ORDER BY idx_attr.ord) AS elements_opclass, array_agg(idx_attr.opcdefault ORDER BY idx_attr.ord) AS elements_opdefault 
FROM (SELECT idx.indexrelid AS indexrelid, idx.indrelid AS indrelid, idx.ord AS ord, CASE WHEN (idx.attnum = %(attnum_1)s) THEN pg_catalog.pg_get_indexdef(idx.indexrelid, idx.ord + %(ord_1)s, %(pg_get_indexdef_1)s) ELSE CAST(pg_catalog.pg_attribute.attname AS TEXT) END AS element, idx.attnum = %(attnum_2)s AS is_expr, pg_catalog.pg_opclass.opcname AS opcname, pg_catalog.pg_opclass.opcdefault AS opcdefault 
FROM (SELECT pg_catalog.pg_index.indexrelid AS indexrelid, pg_catalog.pg_index.indrelid AS indrelid, unnest(pg_catalog.pg_index.indkey) AS attnum, unnest(pg_catalog.pg_index.indclass) AS att_opclass, generate_subscripts(pg_catalog.pg_index.indkey, %(generate_subscripts_1)s) AS ord 
FROM pg_catalog.pg_index 
WHERE NOT pg_catalog.pg_index.indisprimary AND pg_catalog.pg_index.indrelid IN (%(oids_1)s, %(oids_2)s, %(oids_3)s, %(oids_4)s, %(oids_5)s, %(oids_6)s)) AS idx LEFT OUTER JOIN pg_catalog.pg_attribute ON pg_catalog.pg_attribute.attnum = idx.attnum AND pg_catalog.pg_attribute.attrelid = idx.indrelid LEFT OUTER JOIN pg_catalog.pg_opclass ON pg_catalog.pg_opclass.oid = idx.att_opclass 
WHERE idx.indrelid IN (%(oids_1)s, %(oids_2)s, %(oids_3)s, %(oids_4)s, %(oids_5)s, %(oids_6)s)) AS idx_attr GROUP BY idx_attr.indexrelid) AS idx_cols ON pg_catalog.pg_index.indexrelid = idx_cols.indexrelid LEFT OUTER JOIN pg_catalog.pg_constraint ON pg_catalog.pg_index.indrelid = pg_catalog.pg_constraint.conrelid AND pg_catalog.pg_index.indexrelid = pg_catalog.pg_constraint.conindid AND pg_catalog.pg_constraint.contype = ANY (ARRAY[%(param_1)s, %(param_2)s, %(param_3)s]) 
WHERE pg_catalog.pg_index.indrelid IN (%(oids_1)s, %(oids_2)s, %(oids_3)s, %(oids_4)s, %(oids_5)s, %(oids_6)s) AND NOT pg_catalog.pg_index.indisprimary ORDER BY pg_catalog.pg_index.indrelid, pg_catalog.pg_class.relname
2026-04-20 21:00:04,582 // [generated in 0.00043s] {'attnum_1': 0, 'ord_1': 1, 'pg_get_indexdef_1': True, 'attnum_2': 0, 'generate_subscripts_1': 1, 'param_1': 'p', 'param_2': 'u', 'param_3': 'x', 'oids_1': 16391, 'oids_2': 16802, 'oids_3': 16437, 'oids_4': 16529, 'oids_5': 16539, 'oids_6': 16668}
2026-04-20 21:00:04,653 // SELECT attr.conrelid, array_agg(CAST(attr.attname AS TEXT) ORDER BY attr.ord) AS cols, attr.conname, min(attr.description) AS description, min(attr.indnkeyatts) AS indnkeyatts, bool_and(attr.indnullsnotdistinct) AS indnullsnotdistinct 
FROM (SELECT con.conrelid AS conrelid, con.conname AS conname, con.description AS description, con.ord AS ord, con.indnkeyatts AS indnkeyatts, con.indnullsnotdistinct AS indnullsnotdistinct, pg_catalog.pg_attribute.attname AS attname 
FROM pg_catalog.pg_attribute JOIN (SELECT pg_catalog.pg_constraint.conrelid AS conrelid, pg_catalog.pg_constraint.conname AS conname, unnest(pg_catalog.pg_index.indkey) AS attnum, generate_subscripts(pg_catalog.pg_index.indkey, %(generate_subscripts_1)s) AS ord, pg_catalog.pg_index.indnkeyatts AS indnkeyatts, pg_catalog.pg_index.indnullsnotdistinct AS indnullsnotdistinct, pg_catalog.pg_description.description AS description 
FROM pg_catalog.pg_constraint JOIN pg_catalog.pg_index ON pg_catalog.pg_constraint.conindid = pg_catalog.pg_index.indexrelid LEFT OUTER JOIN pg_catalog.pg_description ON pg_catalog.pg_description.objoid = pg_catalog.pg_constraint.oid 
WHERE pg_catalog.pg_constraint.contype = %(contype)s AND pg_catalog.pg_constraint.conrelid IN (%(oids_1)s, %(oids_2)s, %(oids_3)s, %(oids_4)s, %(oids_5)s, %(oids_6)s)) AS con ON pg_catalog.pg_attribute.attnum = con.attnum AND pg_catalog.pg_attribute.attrelid = con.conrelid 
WHERE con.conrelid IN (%(oids_1)s, %(oids_2)s, %(oids_3)s, %(oids_4)s, %(oids_5)s, %(oids_6)s)) AS attr GROUP BY attr.conrelid, attr.conname ORDER BY attr.conrelid, attr.conname
2026-04-20 21:00:04,653 // [cached since 0.2229s ago] {'generate_subscripts_1': 1, 'contype': 'u', 'oids_1': 16391, 'oids_2': 16802, 'oids_3': 16437, 'oids_4': 16529, 'oids_5': 16539, 'oids_6': 16668}
2026-04-20 21:00:04,720 // SELECT pg_catalog.pg_class.relname, pg_catalog.pg_description.description 
FROM pg_catalog.pg_class LEFT OUTER JOIN pg_catalog.pg_description ON pg_catalog.pg_class.oid = pg_catalog.pg_description.objoid AND pg_catalog.pg_description.objsubid = %(objsubid_1)s AND pg_catalog.pg_description.classoid = CAST(%(param_1)s AS REGCLASS) JOIN pg_catalog.pg_namespace ON pg_catalog.pg_namespace.oid = pg_catalog.pg_class.relnamespace 
WHERE pg_catalog.pg_class.relkind = ANY (ARRAY[%(param_2)s, %(param_3)s, %(param_4)s]) AND pg_catalog.pg_table_is_visible(pg_catalog.pg_class.oid) AND pg_catalog.pg_namespace.nspname != %(nspname_1)s AND pg_catalog.pg_class.relname IN (%(filter_names_1)s, %(filter_names_2)s, %(filter_names_3)s, %(filter_names_4)s, %(filter_names_5)s, %(filter_names_6)s)
2026-04-20 21:00:04,720 // [generated in 0.00035s] {'objsubid_1': 0, 'param_1': 'pg_catalog.pg_class', 'param_2': 'r', 'param_3': 'p', 'param_4': 'f', 'nspname_1': 'pg_catalog', 'filter_names_1': 'test_table', 'filter_names_2': 'allBids', 'filter_names_3': 'portfolio', 'filter_names_4': 'moneyLimits', 'filter_names_5': 'depoLimit', 'filter_names_6': 'instruments'}
2026-04-20 21:00:04,787 // SELECT pg_catalog.pg_class.relname, pg_catalog.pg_constraint.conname, CASE WHEN (pg_catalog.pg_constraint.oid IS NOT NULL) THEN pg_catalog.pg_get_constraintdef(pg_catalog.pg_constraint.oid, %(pg_get_constraintdef_1)s) END AS anon_1, pg_catalog.pg_description.description 
FROM pg_catalog.pg_class LEFT OUTER JOIN pg_catalog.pg_constraint ON pg_catalog.pg_class.oid = pg_catalog.pg_constraint.conrelid AND pg_catalog.pg_constraint.contype = %(contype_1)s LEFT OUTER JOIN pg_catalog.pg_description ON pg_catalog.pg_description.objoid = pg_catalog.pg_constraint.oid JOIN pg_catalog.pg_namespace ON pg_catalog.pg_namespace.oid = pg_catalog.pg_class.relnamespace 
WHERE pg_catalog.pg_class.relkind = ANY (ARRAY[%(param_1)s, %(param_2)s, %(param_3)s]) AND pg_catalog.pg_table_is_visible(pg_catalog.pg_class.oid) AND pg_catalog.pg_namespace.nspname != %(nspname_1)s AND pg_catalog.pg_class.relname IN (%(filter_names_1)s, %(filter_names_2)s, %(filter_names_3)s, %(filter_names_4)s, %(filter_names_5)s, %(filter_names_6)s) ORDER BY pg_catalog.pg_class.relname, pg_catalog.pg_constraint.conname
2026-04-20 21:00:04,787 // [generated in 0.00039s] {'pg_get_constraintdef_1': True, 'contype_1': 'c', 'param_1': 'r', 'param_2': 'p', 'param_3': 'f', 'nspname_1': 'pg_catalog', 'filter_names_1': 'test_table', 'filter_names_2': 'allBids', 'filter_names_3': 'portfolio', 'filter_names_4': 'moneyLimits', 'filter_names_5': 'depoLimit', 'filter_names_6': 'instruments'}
2026-04-20 21:00:04,854 // SELECT pg_catalog.pg_class.relname 
FROM pg_catalog.pg_class JOIN pg_catalog.pg_namespace ON pg_catalog.pg_namespace.oid = pg_catalog.pg_class.relnamespace 
WHERE pg_catalog.pg_class.relkind = ANY (ARRAY[%(param_1)s, %(param_2)s]) AND pg_catalog.pg_class.relpersistence = %(relpersistence_1)s AND pg_catalog.pg_table_is_visible(pg_catalog.pg_class.oid) AND pg_catalog.pg_namespace.nspname != %(nspname_1)s
2026-04-20 21:00:04,854 // [generated in 0.00028s] {'param_1': 'r', 'param_2': 'p', 'relpersistence_1': 't', 'nspname_1': 'pg_catalog'}
2026-04-20 21:00:04,922 // ROLLBACK
2026-04-20 21:00:04,986 // Class portfolio has been initialized
2026-04-20 21:00:04,986 // Starting to get an authKey
2026-04-20 21:00:06,078 // Authorization successful!
2026-04-20 21:00:06,079 // Starting getLimits func
2026-04-20 21:00:07,158 // BEGIN (implicit)
2026-04-20 21:00:07,158 // INSERT INTO "depoLimit" (ticker, "classCode", exchange, "averagePrice", quantitytype, quantityvalue, "quantityBatchtype", "quantityBatchvalue", "instrumentType", "loadDate", "lockedBuyValue", "lockedSellValue") VALUES (%(ticker__0)s, %(classCode__0)s ... 1146 characters truncated ... chvalue__4)s, %(instrumentType__4)s, %(loadDate__4)s, %(lockedBuyValue__4)s, %(lockedSellValue__4)s)
2026-04-20 21:00:07,158 // [generated in 0.00029s (insertmanyvalues) 1/1 (unordered)] {'classCode__0': 'TQBR', 'instrumentType__0': 'STOCK', 'averagePrice__0': 89.5, 'exchange__0': 'MOEX', 'loadDate__0': '2026-04-19T21:00:00.000Z', 'quantitytype__0': 'T365', 'lockedSellValue__0': 0.0, 'quantityBatchvalue__0': 3.0, 'ticker__0': 'RENI', 'quantityBatchtype__0': 'T365', 'lockedBuyValue__0': 0.0, 'quantityvalue__0': 30.0, 'classCode__1': 'TQBR', 'instrumentType__1': 'STOCK', 'averagePrice__1': 8.621583, 'exchange__1': 'MOEX', 'loadDate__1': '2026-04-19T21:00:00.000Z', 'quantitytype__1': 'T365', 'lockedSellValue__1': 0.0, 'quantityBatchvalue__1': 20.0, 'ticker__1': 'NMTP', 'quantityBatchtype__1': 'T365', 'lockedBuyValue__1': 0.0, 'quantityvalue__1': 2000.0, 'classCode__2': 'TQBR', 'instrumentType__2': 'STOCK', 'averagePrice__2': 2437.083333, 'exchange__2': 'MOEX', 'loadDate__2': '2026-04-19T21:00:00.000Z', 'quantitytype__2': 'T365', 'lockedSellValue__2': 0.0, 'quantityBatchvalue__2': 6.0, 'ticker__2': 'X5', 'quantityBatchtype__2': 'T365', 'lockedBuyValue__2': 0.0, 'quantityvalue__2': 6.0, 'classCode__3': 'CETS', 'instrumentType__3': 'CURRENCY', 'averagePrice__3': 0.0, 'exchange__3': 'MOEX', 'loadDate__3': '2026-04-19T21:00:00.000Z', 'quantitytype__3': 'T365', 'lockedSellValue__3': 0.0, 'quantityBatchvalue__3': 0.0, 'ticker__3': 'USD000000TOD', 'quantityBatchtype__3': 'T365', 'lockedBuyValue__3': 0.0, 'quantityvalue__3': 0.0, 'classCode__4': 'SPBXM', 'instrumentType__4': 'FOREIGN_STOCK', 'averagePrice__4': 0.0, 'exchange__4': 'SPB', 'loadDate__4': '2026-04-19T21:00:00.000Z', 'quantitytype__4': 'T365', 'lockedSellValue__4': 0.0, 'quantityBatchvalue__4': 0.0, 'ticker__4': 'AAPL', 'quantityBatchtype__4': 'T365', 'lockedBuyValue__4': 0.0, 'quantityvalue__4': 0.0}
2026-04-20 21:00:07,284 // COMMIT
2026-04-20 21:00:07,353 // BEGIN (implicit)
2026-04-20 21:00:07,353 // INSERT INTO "moneyLimits" (exchange, "currencyCode", locked, "averagePrice", "instrumentType", quantitytype, quantityvalue, "loadDate") VALUES (%(exchange__0)s, %(currencyCode__0)s, %(locked__0)s, %(averagePrice__0)s, %(instrumentType__0)s, %(quantit ... 268 characters truncated ... veragePrice__2)s, %(instrumentType__2)s, %(quantitytype__2)s, %(quantityvalue__2)s, %(loadDate__2)s)
2026-04-20 21:00:07,353 // [generated in 0.00028s (insertmanyvalues) 1/1 (unordered)] {'instrumentType__0': 'MONEY', 'averagePrice__0': 0.0, 'exchange__0': 'MOEX', 'loadDate__0': '2026-04-19T21:00:00.000Z', 'quantitytype__0': 'T365', 'locked__0': 0.0, 'quantityvalue__0': 0.57, 'currencyCode__0': 'RUB', 'instrumentType__1': 'MONEY', 'averagePrice__1': 0.0, 'exchange__1': 'SPB', 'loadDate__1': '2026-04-19T21:00:00.000Z', 'quantitytype__1': 'T365', 'locked__1': 0.0, 'quantityvalue__1': 0.0, 'currencyCode__1': 'USD', 'instrumentType__2': 'MONEY', 'averagePrice__2': 0.0, 'exchange__2': 'MOEX', 'loadDate__2': '2026-04-19T21:00:00.000Z', 'quantitytype__2': 'T365', 'locked__2': 0.0, 'quantityvalue__2': 0.0, 'currencyCode__2': 'USD'}
2026-04-20 21:00:07,750 // COMMIT
2026-04-20 21:00:07,818 // Starting getPortfolio func
2026-04-20 21:00:08,889 // BEGIN (implicit)
2026-04-20 21:00:08,890 // INSERT INTO portfolio (type, "subAccountId", "agreementId", account, exchange, ticker, "displayName", "baseAssetTicker", currency, "upperType", "instrumentType", term, quantity, locked, "balancePrice", "currentPrice", "balanceValue", "balanceValueRub ... 13466 characters truncated ...  %(isBlockedTradeAccount__15)s, %(lockedForFutures__15)s, %(ratioQuantity__15)s, %(expireDate__15)s)
2026-04-20 21:00:08,890 // [generated in 0.00045s (insertmanyvalues) 1/1 (unordered)] {'currentValueRub__0': 0.57, 'board__0': '', 'currentValueUsd__0': 0.0077, 'instrumentType__0': 'CURRENCY', 'balanceValueRub__0': 0.57, 'expireDate__0': '', 'currentValueEur__0': 0.0065, 'dailyPL__0': 0.0, 'type__0': 'moneyLimit', 'isBlockedTradeAccount__0': False, 'scale__0': 4, 'portfolioShare__0': 0.0, 'currentPrice__0': 1.0, 'quantity__0': 0.57, 'minimumStep__0': 0.01, 'agreementId__0': '3d2ad6ef-fadb-4b2b-b04a-7b364b798c26', 'isBlocked__0': False, 'balanceValueEur__0': 0.0065, 'ratioQuantity__0': 0.0, 'balanceValueUsd__0': 0.0077, 'balancePrice__0': 1.0, 'unrealizedPL__0': 0.0, 'locked__0': 0.0, 'accruedIncome__0': 0.0, 'dailyPercentPL__0': 0.0, 'exchange__0': 'MOEX', 'baseAssetTicker__0': '', 'term__0': 'T0', 'displayName__0': 'RUB', 'subAccountId__0': '7723e0e4-6254-4a26-a16a-467e1fc574cb', 'priceUnit__0': '', 'ticker__0': 'RUB', 'faceValue__0': 0.0, 'unrealizedPercentPL__0': 0.0, 'upperType__0': 'CURRENCY', 'currentValue__0': 0.57, 'account__0': '3105694/24', 'lockedForFutures__0': 0.0, 'balanceValue__0': 0.57, 'currency__0': 'RUB', 'currentValueRub__1': 17200.0, 'board__1': 'TQBR', 'currentValueUsd__1': 232.0733, 'instrumentType__1': 'STOCK', 'balanceValueRub__1': 17243.166, 'expireDate__1': '', 'currentValueEur__1': 196.4199, 'dailyPL__1': 0.0, 'type__1': 'depoLimit', 'isBlockedTradeAccount__1': False ... 540 parameters truncated ... 'priceUnit__14': '', 'ticker__14': 'RENI', 'faceValue__14': 9.88, 'unrealizedPercentPL__14': -2.4134, 'upperType__14': 'RUSSIA', 'currentValue__14': 2620.2, 'account__14': '3105694/24', 'lockedForFutures__14': 0.0, 'balanceValue__14': 2685.0, 'currency__14': 'RUB', 'currentValueRub__15': 14496.0, 'board__15': 'TQBR', 'currentValueUsd__15': 195.5893, 'instrumentType__15': 'STOCK', 'balanceValueRub__15': 14622.5, 'expireDate__15': '', 'currentValueEur__15': 165.5409, 'dailyPL__15': 0.0, 'type__15': 'depoLimit', 'isBlockedTradeAccount__15': False, 'scale__15': 1, 'portfolioShare__15': 0.0, 'currentPrice__15': 2416.0, 'quantity__15': 6.0, 'minimumStep__15': 0.5, 'agreementId__15': '3d2ad6ef-fadb-4b2b-b04a-7b364b798c26', 'isBlocked__15': False, 'balanceValueEur__15': 166.9855, 'ratioQuantity__15': 0.0, 'balanceValueUsd__15': 197.2961, 'balancePrice__15': 2437.0833, 'unrealizedPL__15': -126.5, 'locked__15': 0.0, 'accruedIncome__15': 0.0, 'dailyPercentPL__15': 0.0, 'exchange__15': 'MOEX', 'baseAssetTicker__15': '', 'term__15': 'T365', 'displayName__15': 'КЦ ИКС 5', 'subAccountId__15': '7723e0e4-6254-4a26-a16a-467e1fc574cb', 'priceUnit__15': '', 'ticker__15': 'X5', 'faceValue__15': 1164.26, 'unrealizedPercentPL__15': -0.8651, 'upperType__15': 'RUSSIA', 'currentValue__15': 14496.0, 'account__15': '3105694/24', 'lockedForFutures__15': 0.0, 'balanceValue__15': 14622.5, 'currency__15': 'RUB'}
2026-04-20 21:00:09,056 // COMMIT
2026-04-20 21:00:09,123 // Starting getInstruments func
2026-04-20 21:00:10,198 // BEGIN (implicit)
2026-04-20 21:00:10,199 // INSERT INTO instruments (ticker, "shortName", "displayName", type, isin, "registrationCode", "issuerName", "tradingCurrency", "faceValue", scale, "minimumStep", "accruedInt", "currencyStepPrice", "settleCode", "instrumentType", "settlementCurrency",  ... 38062 characters truncated ... %(priceChangeMonth__24)s, %(priceChangeEarlyYear__24)s, %(firstCurrCode__24)s, %(amortisedMty__24)s)
2026-04-20 21:00:10,199 // [generated in 0.00079s (insertmanyvalues) 1/1 (unordered)] {'qualifiedTestIdTm__0': 0, 'instrumentType__0': 'CURRENCY', 'nextCoupon__0': '1970-01-01T00:00:00.000Z', 'qualifiedTestId__0': 0, 'peNorm__0': 0.0, 'primaryBoard__0': 'CETS_FX', 'type__0': 'Валютная пара', 'subTitle__0': 'от 1 DH', 'amortisedMty__0': False, 'scale__0': 4, 'couponRate__0': 0.0, 'isQualifiedOnly__0': False, 'liquidityRating__0': '', 'bcsScore__0': 0, 'availableForUnqualified__0': True, 'baseAssetSecurityClassCode__0': '', 'priceChangeEarlyYear__0': -6.35, 'registrationCode__0': '', 'minimumStep__0': 0.0001, 'percentTargetCurrent__0': 0.0, 'businessSectorId__0': 0, 'baseAssetFuture__0': '', 'isBlocked__0': False, 'dividendYield__0': 0.0, 'accruedInt__0': 0.0, 'strike__0': 0.0, 'targetPrice__0': 0.0, 'baseAssetSecuritySecCode__0': '', 'businessCountry__0': '', 'nrdCode__0': '', 'tradingCurrency__0': 'RUB', 'epsGrowthRate__0': 0.0, 'isBcsProduct__0': False, 'firstCurrCode__0': 'AED', 'lotSize__0': 1.0, 'secondaryBoards__0': [], 'baseAsset__0': '', 'isin__0': '', 'currencyStepPrice__0': 'RUB', 'isCanShort__0': False, 'couponsPerYear__0': 0, 'emissionDate__0': '1970-01-01', 'displayName__0': 'Дирхам ОАЭ', 'subType__0': 'AST_CURR', 'creditRating__0': '', 'businessCountryCode__0': '', 'ticker__0': 'AED000SMALL', 'isReplacementBond__0': False, 'settlementDate__0': '2026-04-21T00:00:00.000Z', 'settlementCurrency__0': 'RUB' ... 1575 parameters truncated ... 'registrationCode__24': '', 'minimumStep__24': 0.0001, 'percentTargetCurrent__24': 0.0, 'businessSectorId__24': 0, 'baseAssetFuture__24': '', 'isBlocked__24': False, 'dividendYield__24': 0.0, 'accruedInt__24': 0.0, 'strike__24': 0.0, 'targetPrice__24': 0.0, 'baseAssetSecuritySecCode__24': '', 'businessCountry__24': '', 'nrdCode__24': '', 'tradingCurrency__24': 'CNY', 'epsGrowthRate__24': 0.0, 'isBcsProduct__24': False, 'firstCurrCode__24': 'USDX', 'lotSize__24': 1000.0, 'secondaryBoards__24': [], 'baseAsset__24': '', 'isin__24': '', 'currencyStepPrice__24': 'CNY', 'isCanShort__24': True, 'couponsPerYear__24': 0, 'emissionDate__24': '1970-01-01', 'displayName__24': 'Доллар США/Китайский юань', 'subType__24': 'AST_CURR', 'creditRating__24': '', 'businessCountryCode__24': '', 'ticker__24': 'USDCNY_TOM', 'isReplacementBond__24': False, 'settlementDate__24': '2026-04-21T00:00:00.000Z', 'settlementCurrency__24': 'CNY', 'faceValue__24': 1.0, 'complexProduct__24': 0.0, 'mktcap__24': 0.0, 'predictedDps__24': 0.0, 'isCanMargin__24': False, 'bcsScoreColor__24': '', 'stepPrice__24': 0.0, 'priceChangeYear__24': 0.0, 'priceChangeMonth__24': 0.0, 'maturityDate__24': '', 'currencyNominal__24': 'RUB', 'couponTypeName__24': '', 'businessSector__24': '', 'priceChangeHalfYear__24': 0.0, 'settleCode__24': 'T+1', 'shortName__24': 'Доллар США/Китайский юань', 'issuerName__24': ''}
2026-04-20 21:00:10,353 // COMMIT
2026-04-20 21:00:11,518 // BEGIN (implicit)
2026-04-20 21:00:11,522 // INSERT INTO instruments (ticker, "shortName", "displayName", type, isin, "registrationCode", "issuerName", "tradingCurrency", "faceValue", scale, "minimumStep", "accruedInt", "currencyStepPrice", "settleCode", "instrumentType", "settlementCurrency",  ... 151912 characters truncated ... %(priceChangeMonth__99)s, %(priceChangeEarlyYear__99)s, %(firstCurrCode__99)s, %(amortisedMty__99)s)
2026-04-20 21:00:11,522 // [cached since 1.322s ago (insertmanyvalues) 1/1 (unordered)] {'qualifiedTestIdTm__0': 0, 'instrumentType__0': 'STOCK', 'nextCoupon__0': '1970-01-01T00:00:00.000Z', 'qualifiedTestId__0': 0, 'peNorm__0': 35.900794282284, 'primaryBoard__0': 'TQBR', 'type__0': 'Акции обыкновенные', 'subTitle__0': 'ABIO', 'amortisedMty__0': False, 'scale__0': 2, 'couponRate__0': 0.0, 'isQualifiedOnly__0': False, 'liquidityRating__0': '', 'bcsScore__0': 0, 'availableForUnqualified__0': True, 'baseAssetSecurityClassCode__0': '', 'priceChangeEarlyYear__0': 0.0, 'registrationCode__0': '1-01-08902-A', 'minimumStep__0': 0.02, 'percentTargetCurrent__0': 0.0, 'businessSectorId__0': 12, 'baseAssetFuture__0': '', 'isBlocked__0': False, 'dividendYield__0': 1.8234650369446999, 'accruedInt__0': 0.0, 'strike__0': 0.0, 'targetPrice__0': 0.0, 'baseAssetSecuritySecCode__0': '', 'businessCountry__0': 'Россия', 'nrdCode__0': 'ISKL', 'tradingCurrency__0': 'RUB', 'epsGrowthRate__0': 0.0, 'isBcsProduct__0': False, 'firstCurrCode__0': '', 'lotSize__0': 1.0, 'secondaryBoards__0': ['SMAL'], 'baseAsset__0': '', 'isin__0': 'RU000A0JNAB6', 'currencyStepPrice__0': 'RUB', 'isCanShort__0': False, 'couponsPerYear__0': 0, 'emissionDate__0': '1970-01-01', 'displayName__0': 'iАРТГЕН ао', 'subType__0': 'AST_SEC_BASIC', 'creditRating__0': '', 'businessCountryCode__0': 'RU', 'ticker__0': 'ABIO', 'isReplacementBond__0': False, 'settlementDate__0': '2026-04-21T00:00:00.000Z', 'settlementCurrency__0': 'RUB' ... 6600 parameters truncated ... 'registrationCode__99': '1-02-00143-A', 'minimumStep__99': 0.2, 'percentTargetCurrent__99': 37.42, 'businessSectorId__99': 1, 'baseAssetFuture__99': '', 'isBlocked__99': False, 'dividendYield__99': 21.620513281746, 'accruedInt__99': 0.0, 'strike__99': 0.0, 'targetPrice__99': 1123.8, 'baseAssetSecuritySecCode__99': '', 'businessCountry__99': 'Россия', 'nrdCode__99': 'RU0009046510', 'tradingCurrency__99': 'RUB', 'epsGrowthRate__99': 0.0, 'isBcsProduct__99': False, 'firstCurrCode__99': '', 'lotSize__99': 1.0, 'secondaryBoards__99': [], 'baseAsset__99': '', 'isin__99': 'RU0009046510', 'currencyStepPrice__99': 'RUB', 'isCanShort__99': True, 'couponsPerYear__99': 0, 'emissionDate__99': '1970-01-01', 'displayName__99': 'Северсталь ао', 'subType__99': 'AST_SEC_BASIC', 'creditRating__99': '', 'businessCountryCode__99': 'RU', 'ticker__99': 'CHMF', 'isReplacementBond__99': False, 'settlementDate__99': '2026-04-21T00:00:00.000Z', 'settlementCurrency__99': 'RUB', 'faceValue__99': 0.01, 'complexProduct__99': -100.0, 'mktcap__99': 683243339096.0, 'predictedDps__99': 18.1101, 'isCanMargin__99': True, 'bcsScoreColor__99': 'yellow', 'stepPrice__99': 0.0, 'priceChangeYear__99': -20.01, 'priceChangeMonth__99': -10.15, 'maturityDate__99': '', 'currencyNominal__99': 'RUB', 'couponTypeName__99': '', 'businessSector__99': 'Добыча и переработка', 'priceChangeHalfYear__99': -13.99, 'settleCode__99': 'T+1', 'shortName__99': 'Северсталь ао', 'issuerName__99': 'ПАО "Северсталь"'}
2026-04-20 21:00:11,753 // COMMIT
2026-04-20 21:00:12,907 // BEGIN (implicit)
2026-04-20 21:00:12,910 // INSERT INTO instruments (ticker, "shortName", "displayName", type, isin, "registrationCode", "issuerName", "tradingCurrency", "faceValue", scale, "minimumStep", "accruedInt", "currencyStepPrice", "settleCode", "instrumentType", "settlementCurrency",  ... 151912 characters truncated ... %(priceChangeMonth__99)s, %(priceChangeEarlyYear__99)s, %(firstCurrCode__99)s, %(amortisedMty__99)s)
2026-04-20 21:00:12,910 // [cached since 2.71s ago (insertmanyvalues) 1/1 (unordered)] {'qualifiedTestIdTm__0': 9, 'instrumentType__0': 'STOCK', 'nextCoupon__0': '1970-01-01T00:00:00.000Z', 'qualifiedTestId__0': 9, 'peNorm__0': -2.8562731902304, 'primaryBoard__0': 'SPBRU', 'type__0': 'Акции обыкновенные', 'subTitle__0': 'CHMK', 'amortisedMty__0': False, 'scale__0': 0, 'couponRate__0': 0.0, 'isQualifiedOnly__0': False, 'liquidityRating__0': '', 'bcsScore__0': 0, 'availableForUnqualified__0': False, 'baseAssetSecurityClassCode__0': '', 'priceChangeEarlyYear__0': 0.0, 'registrationCode__0': '1-01-00080-A', 'minimumStep__0': 5.0, 'percentTargetCurrent__0': 0.0, 'businessSectorId__0': 1, 'baseAssetFuture__0': '', 'isBlocked__0': False, 'dividendYield__0': 0.0, 'accruedInt__0': 0.0, 'strike__0': 0.0, 'targetPrice__0': 0.0, 'baseAssetSecuritySecCode__0': '', 'businessCountry__0': 'Россия', 'nrdCode__0': 'RU0007665170', 'tradingCurrency__0': 'RUB', 'epsGrowthRate__0': 0.0, 'isBcsProduct__0': False, 'firstCurrCode__0': '', 'lotSize__0': 1.0, 'secondaryBoards__0': [], 'baseAsset__0': '', 'isin__0': 'RU0007665170', 'currencyStepPrice__0': 'RUB', 'isCanShort__0': False, 'couponsPerYear__0': 0, 'emissionDate__0': '1970-01-01', 'displayName__0': 'CHMK', 'subType__0': 'AST_SEC_BASIC', 'creditRating__0': '', 'businessCountryCode__0': 'RU', 'ticker__0': 'CHMK', 'isReplacementBond__0': False, 'settlementDate__0': '2026-04-21T00:00:00.000Z', 'settlementCurrency__0': 'RUR' ... 6600 parameters truncated ... 'registrationCode__99': '1-01-02600-A', 'minimumStep__99': 0.1, 'percentTargetCurrent__99': 0.0, 'businessSectorId__99': 10, 'baseAssetFuture__99': '', 'isBlocked__99': False, 'dividendYield__99': 0.0, 'accruedInt__99': 0.0, 'strike__99': 0.0, 'targetPrice__99': 0.0, 'baseAssetSecuritySecCode__99': '', 'businessCountry__99': 'Россия', 'nrdCode__99': 'RU000A0JPMM3', 'tradingCurrency__99': 'RUB', 'epsGrowthRate__99': 0.0, 'isBcsProduct__99': False, 'firstCurrCode__99': '', 'lotSize__99': 1.0, 'secondaryBoards__99': [], 'baseAsset__99': '', 'isin__99': 'RU000A0JPMM3', 'currencyStepPrice__99': 'RUB', 'isCanShort__99': False, 'couponsPerYear__99': 0, 'emissionDate__99': '1970-01-01', 'displayName__99': 'Газпромавт ао', 'subType__99': 'AST_SEC_BASIC', 'creditRating__99': '', 'businessCountryCode__99': 'RU', 'ticker__99': 'GZAV', 'isReplacementBond__99': False, 'settlementDate__99': '2026-04-21T00:00:00.000Z', 'settlementCurrency__99': 'RUB', 'faceValue__99': 1.0, 'complexProduct__99': 0.0, 'mktcap__99': 683341826.0, 'predictedDps__99': 0.0, 'isCanMargin__99': False, 'bcsScoreColor__99': '', 'stepPrice__99': 0.0, 'priceChangeYear__99': 0.0, 'priceChangeMonth__99': 0.0, 'maturityDate__99': '', 'currencyNominal__99': 'RUB', 'couponTypeName__99': '', 'businessSector__99': 'Транспорт и машиностроение', 'priceChangeHalfYear__99': 0.0, 'settleCode__99': 'T+1', 'shortName__99': 'Газпромавт ао', 'issuerName__99': 'ПАО "Газпром автоматизация"'}
2026-04-20 21:00:13,087 // COMMIT
2026-04-20 21:00:14,225 // BEGIN (implicit)
2026-04-20 21:00:14,228 // INSERT INTO instruments (ticker, "shortName", "displayName", type, isin, "registrationCode", "issuerName", "tradingCurrency", "faceValue", scale, "minimumStep", "accruedInt", "currencyStepPrice", "settleCode", "instrumentType", "settlementCurrency",  ... 151912 characters truncated ... %(priceChangeMonth__99)s, %(priceChangeEarlyYear__99)s, %(firstCurrCode__99)s, %(amortisedMty__99)s)
2026-04-20 21:00:14,228 // [cached since 4.028s ago (insertmanyvalues) 1/1 (unordered)] {'qualifiedTestIdTm__0': 0, 'instrumentType__0': 'STOCK', 'nextCoupon__0': '1970-01-01T00:00:00.000Z', 'qualifiedTestId__0': 0, 'peNorm__0': 0.0, 'primaryBoard__0': 'MTQR', 'type__0': 'Акции привилегированные', 'subTitle__0': 'GZAVP', 'amortisedMty__0': False, 'scale__0': 0, 'couponRate__0': 0.0, 'isQualifiedOnly__0': False, 'liquidityRating__0': '', 'bcsScore__0': 0, 'availableForUnqualified__0': False, 'baseAssetSecurityClassCode__0': '', 'priceChangeEarlyYear__0': 0.0, 'registrationCode__0': '2-01-02600-A', 'minimumStep__0': 2.0, 'percentTargetCurrent__0': 0.0, 'businessSectorId__0': 10, 'baseAssetFuture__0': '', 'isBlocked__0': False, 'dividendYield__0': 0.0, 'accruedInt__0': 0.0, 'strike__0': 0.0, 'targetPrice__0': 0.0, 'baseAssetSecuritySecCode__0': '', 'businessCountry__0': 'Россия', 'nrdCode__0': 'RU000A0JPMN1', 'tradingCurrency__0': 'RUB', 'epsGrowthRate__0': 0.0, 'isBcsProduct__0': False, 'firstCurrCode__0': '', 'lotSize__0': 1.0, 'secondaryBoards__0': [], 'baseAsset__0': '', 'isin__0': 'RU000A0JPMN1', 'currencyStepPrice__0': 'RUB', 'isCanShort__0': False, 'couponsPerYear__0': 0, 'emissionDate__0': '1970-01-01', 'displayName__0': 'Газпромавт ао', 'subType__0': 'AST_SEC_PREV', 'creditRating__0': '', 'businessCountryCode__0': 'RU', 'ticker__0': 'GZAVP', 'isReplacementBond__0': False, 'settlementDate__0': '2026-04-21T00:00:00.000Z', 'settlementCurrency__0': 'RUB' ... 6600 parameters truncated ... 'registrationCode__99': '2-01-55051-E', 'minimumStep__99': 0.001, 'percentTargetCurrent__99': 0.0, 'businessSectorId__99': 3, 'baseAssetFuture__99': '', 'isBlocked__99': False, 'dividendYield__99': 0.0, 'accruedInt__99': 0.0, 'strike__99': 0.0, 'targetPrice__99': 0.0, 'baseAssetSecuritySecCode__99': '', 'businessCountry__99': 'Россия', 'nrdCode__99': 'KSBKP', 'tradingCurrency__99': 'RUB', 'epsGrowthRate__99': 0.0, 'isBcsProduct__99': False, 'firstCurrCode__99': '', 'lotSize__99': 1.0, 'secondaryBoards__99': [], 'baseAsset__99': '', 'isin__99': 'RU000A0D8PA6', 'currencyStepPrice__99': 'RUB', 'isCanShort__99': False, 'couponsPerYear__99': 0, 'emissionDate__99': '1970-01-01', 'displayName__99': 'КСБ ап', 'subType__99': 'AST_SEC_PREV', 'creditRating__99': '', 'businessCountryCode__99': 'RU', 'ticker__99': 'KTSBP', 'isReplacementBond__99': False, 'settlementDate__99': '2026-04-21T00:00:00.000Z', 'settlementCurrency__99': 'RUB', 'faceValue__99': 0.04, 'complexProduct__99': 0.0, 'mktcap__99': 76483059.84, 'predictedDps__99': 0.0, 'isCanMargin__99': False, 'bcsScoreColor__99': '', 'stepPrice__99': 0.0, 'priceChangeYear__99': 0.0, 'priceChangeMonth__99': 0.0, 'maturityDate__99': '', 'currencyNominal__99': 'RUB', 'couponTypeName__99': '', 'businessSector__99': 'Энергетика', 'priceChangeHalfYear__99': 0.0, 'settleCode__99': 'T+1', 'shortName__99': 'КСБ ап', 'issuerName__99': 'АО "Костромская сбытовая компания", АО "КСК"'}
